video,video_frame,global_frame,track_id,cls_id,class_name,direction,delta,count_after,center_x,center_y,conf
output.mp4,1806,1806,3,0,Bactrocera dorsalis,enter,1,1,1327.49,752.74,0.9258
output.mp4,1872,1872,3,0,Bactrocera dorsalis,exit,-1,0,1225.43,575.01,0.9497
output.mp4,1901,1901,3,0,Bactrocera dorsalis,enter,1,1,1064.14,634.49,0.9346
output.mp4,2120,2120,3,0,Bactrocera dorsalis,exit,-1,0,1334.12,694.56,0.9409
output.mp4,2421,2421,22,0,Bactrocera dorsalis,enter,1,1,1195.2,578.19,0.9424
output.mp4,2442,2442,22,0,Bactrocera dorsalis,exit,-1,0,1117.37,588.35,0.9224
output.mp4,2679,2679,22,0,Bactrocera dorsalis,enter,1,1,1163.49,576.74,0.9434
output.mp4,2749,2749,22,0,Bactrocera dorsalis,exit,-1,0,1063.12,634.7,0.9365
output.mp4,2772,2772,22,0,Bactrocera dorsalis,enter,1,1,1060.79,640.38,0.9141
output.mp4,2789,2789,29,0,Bactrocera dorsalis,enter,1,2,1253.44,854.95,0.9453
output.mp4,2801,2801,22,0,Bactrocera dorsalis,exit,-1,1,1045.6,661.44,0.936
output.mp4,2848,2848,29,0,Bactrocera dorsalis,exit,-1,0,1117.29,584.69,0.9429
output.mp4,2956,2956,11,0,Bactrocera dorsalis,enter,1,1,1244.02,588.55,0.937
output.mp4,3153,3153,11,0,Bactrocera dorsalis,exit,-1,0,1229.34,867.6,0.9238
output.mp4,3214,3214,51,0,Bactrocera dorsalis,enter,1,1,1055.96,801.02,0.9292
output.mp4,3234,3234,51,0,Bactrocera dorsalis,exit,-1,0,1203.82,874.75,0.9419
output.mp4,4494,4494,75,0,Bactrocera dorsalis,enter,1,1,1325.37,760.78,0.936
output.mp4,4685,4685,75,0,Bactrocera dorsalis,exit,-1,0,1285.68,836.24,0.9346
output.mp4,4819,4819,91,0,Bactrocera dorsalis,enter,1,1,1315.51,788.12,0.9189
output.mp4,4881,4881,78,0,Bactrocera dorsalis,enter,1,2,1268.19,602.21,0.9204
output.mp4,4911,4911,78,0,Bactrocera dorsalis,exit,-1,1,1113.31,589.09,0.8833
output.mp4,4931,4931,78,0,Bactrocera dorsalis,enter,1,2,1079.59,616.46,0.9307
output.mp4,4936,4936,78,0,Bactrocera dorsalis,exit,-1,1,1077.66,617.68,0.936
output.mp4,4943,4943,66,0,Bactrocera dorsalis,enter,1,2,1325.03,730.94,0.9419
output.mp4,5001,5001,66,0,Bactrocera dorsalis,exit,-1,1,1158.16,576.09,0.9517
output.mp4,5009,5009,78,0,Bactrocera dorsalis,enter,1,2,1049.42,784.11,0.9048
output.mp4,5038,5038,78,0,Bactrocera dorsalis,exit,-1,1,1084.28,836.54,0.9316
output.mp4,5055,5055,78,0,Bactrocera dorsalis,enter,1,2,1041.93,767.85,0.9277
output.mp4,5079,5079,91,0,Bactrocera dorsalis,exit,-1,1,1077.74,616.13,0.937
output.mp4,5224,5224,105,0,Bactrocera dorsalis,enter,1,2,1034.3,718.17,0.8521
output.mp4,5292,5292,105,0,Bactrocera dorsalis,exit,-1,1,1056.08,802.61,0.9155
output.mp4,5299,5299,105,0,Bactrocera dorsalis,enter,1,2,1060.37,807.85,0.9194
output.mp4,5333,5333,78,0,Bactrocera dorsalis,exit,-1,1,1270.93,595.15,0.9424
output.mp4,5815,5815,114,0,Bactrocera dorsalis,enter,1,2,1153.63,863.96,0.9346
output.mp4,5843,5843,114,0,Bactrocera dorsalis,exit,-1,1,1293.89,826.11,0.9351
output.mp4,5910,5910,114,0,Bactrocera dorsalis,enter,1,2,1278.92,835.23,0.9502
output.mp4,5934,5934,114,0,Bactrocera dorsalis,exit,-1,1,1180.1,874.28,0.9287
output.mp4,6558,6558,125,0,Bactrocera dorsalis,enter,1,2,1290.88,824.56,0.9443
output.mp4,6657,6657,125,0,Bactrocera dorsalis,exit,-1,1,1057.61,641.19,0.9209
output.mp4,6789,6789,139,0,Bactrocera dorsalis,enter,1,2,1074.46,622.7,0.9092
output.mp4,6889,6889,139,0,Bactrocera dorsalis,exit,-1,1,1340.41,717.35,0.9243
output.mp4,9649,9649,182,0,Bactrocera dorsalis,enter,1,2,1199.79,575.38,0.9346
output.mp4,15783,15783,190,0,Bactrocera dorsalis,enter,1,3,1311.8,783.94,0.9375
output.mp4,15871,15871,190,0,Bactrocera dorsalis,exit,-1,2,1174.48,882.15,0.918
output.mp4,15928,15928,190,0,Bactrocera dorsalis,enter,1,3,1094.16,842.34,0.9014
output.mp4,18454,18454,305,0,Bactrocera dorsalis,enter,1,4,1269.43,604.68,0.9375
output.mp4,19365,19365,313,0,Bactrocera dorsalis,enter,1,5,1296.78,812.61,0.9312
output.mp4,19694,19694,313,0,Bactrocera dorsalis,exit,-1,4,1041.74,772.28,0.9482
output.mp4,19701,19701,313,0,Bactrocera dorsalis,enter,1,5,1041.71,771.19,0.9482
output.mp4,19706,19706,313,0,Bactrocera dorsalis,exit,-1,4,1041.12,770.19,0.9463
output.mp4,19711,19711,313,0,Bactrocera dorsalis,enter,1,5,1041.55,770.56,0.9341
output.mp4,19720,19720,313,0,Bactrocera dorsalis,exit,-1,4,1039.12,768.04,0.9214
output.mp4,19853,19853,313,0,Bactrocera dorsalis,enter,1,5,1046.43,664.39,0.938
output.mp4,19855,19855,313,0,Bactrocera dorsalis,exit,-1,4,1046.57,662.6,0.9395
output.mp4,19862,19862,313,0,Bactrocera dorsalis,enter,1,5,1047.05,663.48,0.9287
output.mp4,19915,19915,313,0,Bactrocera dorsalis,exit,-1,4,1048.41,657.71,0.9395
output.mp4,20097,20097,328,0,Bactrocera dorsalis,enter,1,5,1326.76,767.09,0.939
output.mp4,20139,20139,328,0,Bactrocera dorsalis,exit,-1,4,1098.67,848.98,0.9346
output.mp4,20804,20804,313,0,Bactrocera dorsalis,enter,1,5,1042.8,673.97,0.9263
output.mp4,21831,21831,328,0,Bactrocera dorsalis,enter,1,6,1192.73,873.65,0.9209
output.mp4,21840,21840,328,0,Bactrocera dorsalis,exit,-1,5,1085.94,837.56,0.9546
output.mp4,21943,21943,382,0,Bactrocera dorsalis,enter,1,6,1325.32,756.6,0.939
output.mp4,21979,21979,382,0,Bactrocera dorsalis,exit,-1,5,1277.69,841.33,0.9399
output.mp4,21986,21986,382,0,Bactrocera dorsalis,enter,1,6,1281.13,834.4,0.936
output.mp4,22874,22874,387,0,Bactrocera dorsalis,enter,1,7,1170.0,872.38,0.938
output.mp4,23169,23169,387,0,Bactrocera dorsalis,exit,-1,6,1215.54,874.14,0.9355
output.mp4,23612,23612,328,0,Bactrocera dorsalis,enter,1,7,1323.15,730.95,0.9331
output.mp4,24214,24214,387,0,Bactrocera dorsalis,enter,1,8,1324.6,745.56,0.9248
output.mp4,24234,24234,429,0,Bactrocera dorsalis,enter,1,9,1317.67,669.58,0.938
output.mp4,24526,24526,439,0,Bactrocera dorsalis,enter,1,10,1321.86,757.12,0.9248
output.mp4,24539,24539,429,0,Bactrocera dorsalis,exit,-1,9,1038.0,682.35,0.9253
output.mp4,24573,24573,429,0,Bactrocera dorsalis,enter,1,10,1040.22,683.07,0.9067
output.mp4,24596,24596,439,0,Bactrocera dorsalis,exit,-1,9,1070.67,824.73,0.9399
output.mp4,24656,24656,439,0,Bactrocera dorsalis,enter,1,10,1044.41,679.96,0.9209
output.mp4,25443,25443,463,0,Bactrocera dorsalis,enter,1,11,1279.8,609.64,0.9487
output.mp4,25463,25463,463,0,Bactrocera dorsalis,exit,-1,10,1223.62,577.18,0.9521
output.mp4,25469,25469,463,0,Bactrocera dorsalis,enter,1,11,1221.07,580.2,0.9385
output.mp4,25564,25564,463,0,Bactrocera dorsalis,exit,-1,10,1292.27,832.93,0.939
output.mp4,25652,25652,453,0,Bactrocera dorsalis,enter,1,11,1275.01,609.78,0.937
output.mp4,27452,27452,517,0,Bactrocera dorsalis,enter,1,12,1323.06,681.74,0.457
output.mp4,27476,27476,517,0,Bactrocera dorsalis,exit,-1,11,1176.25,883.27,0.9443
output.mp4,28317,28317,541,0,Bactrocera dorsalis,enter,1,12,1292.37,824.13,0.9209
output.mp4,28382,28382,541,0,Bactrocera dorsalis,exit,-1,11,1104.51,590.13,0.9141
output.mp4,28795,28795,566,0,Bactrocera dorsalis,enter,1,12,1199.28,866.62,0.9263
output.mp4,28813,28813,566,0,Bactrocera dorsalis,exit,-1,11,1042.71,776.58,0.9458
output.mp4,28817,28817,566,0,Bactrocera dorsalis,enter,1,12,1042.56,768.9,0.9478
output.mp4,28929,28929,587,0,Bactrocera dorsalis,enter,1,13,1240.85,853.06,0.9141
output.mp4,29220,29220,587,0,Bactrocera dorsalis,exit,-1,12,1032.52,724.89,0.9307
output.mp4,29295,29295,587,0,Bactrocera dorsalis,enter,1,13,1098.09,601.21,0.937
output.mp4,29346,29346,587,0,Bactrocera dorsalis,exit,-1,12,1232.09,580.23,0.9404
output.mp4,29388,29388,587,0,Bactrocera dorsalis,enter,1,13,1122.35,591.66,0.937
output.mp4,29465,29465,609,0,Bactrocera dorsalis,enter,1,14,1262.61,596.52,0.9385
output.mp4,29526,29526,609,0,Bactrocera dorsalis,exit,-1,13,1220.95,578.16,0.9214
output.mp4,29589,29589,609,0,Bactrocera dorsalis,enter,1,14,1156.87,579.42,0.9312
output.mp4,29649,29649,609,0,Bactrocera dorsalis,exit,-1,13,1106.51,594.47,0.9287
output.mp4,29767,29767,612,0,Bactrocera dorsalis,enter,1,14,1315.52,772.62,0.9307
output.mp4,30072,30072,609,0,Bactrocera dorsalis,enter,1,15,1038.57,760.16,0.876
output.mp4,30218,30218,609,0,Bactrocera dorsalis,exit,-1,14,1168.13,875.7,0.9355
output.mp4,30890,30890,609,0,Bactrocera dorsalis,enter,1,15,1287.6,832.36,0.9258
output.mp4,30999,30999,609,0,Bactrocera dorsalis,exit,-1,14,1168.19,573.57,0.9316
output.mp4,31099,31099,609,0,Bactrocera dorsalis,enter,1,15,1147.49,582.81,0.9263
output.mp4,31141,31141,640,0,Bactrocera dorsalis,enter,1,16,1271.39,609.32,0.9453
output.mp4,31163,31163,640,0,Bactrocera dorsalis,exit,-1,15,1256.14,587.85,0.9209
output.mp4,31363,31363,640,0,Bactrocera dorsalis,enter,1,16,1066.59,630.86,0.918
output.mp4,31834,31834,609,0,Bactrocera dorsalis,exit,-1,15,1100.54,598.05,0.9194
output.mp4,31891,31891,609,0,Bactrocera dorsalis,enter,1,16,1037.35,733.03,0.6875
output.mp4,31905,31905,657,0,Bactrocera dorsalis,enter,1,17,1328.84,696.53,0.9248
output.mp4,32011,32011,657,0,Bactrocera dorsalis,exit,-1,16,1155.09,571.36,0.9282
output.mp4,32029,32029,658,0,Bactrocera dorsalis,enter,1,17,1307.97,800.24,0.9419
output.mp4,32097,32097,609,0,Bactrocera dorsalis,exit,-1,16,1081.03,614.13,0.9355
output.mp4,32116,32116,609,0,Bactrocera dorsalis,enter,1,17,1077.67,618.59,0.9448
output.mp4,32188,32188,658,0,Bactrocera dorsalis,exit,-1,16,1085.77,840.75,0.9399
output.mp4,32391,32391,670,0,Bactrocera dorsalis,enter,1,17,1275.21,607.91,0.9434
output.mp4,32537,32537,670,0,Bactrocera dorsalis,exit,-1,16,1071.26,824.53,0.939
output.mp4,32627,32627,670,0,Bactrocera dorsalis,enter,1,17,1036.49,742.01,0.8989
output.mp4,32632,32632,657,0,Bactrocera dorsalis,enter,1,18,1037.2,693.85,0.8862
output.mp4,32636,32636,657,0,Bactrocera dorsalis,exit,-1,17,1036.04,693.88,0.8726
output.mp4,32637,32637,657,0,Bactrocera dorsalis,enter,1,18,1038.37,693.98,0.8091
output.mp4,32642,32642,657,0,Bactrocera dorsalis,exit,-1,17,1036.53,695.66,0.8481
output.mp4,32643,32643,657,0,Bactrocera dorsalis,enter,1,18,1036.71,696.53,0.8438
output.mp4,32644,32644,657,0,Bactrocera dorsalis,exit,-1,17,1035.89,694.19,0.8428
output.mp4,33466,33466,710,0,Bactrocera dorsalis,enter,1,18,1279.66,837.07,0.9409
output.mp4,33567,33567,710,0,Bactrocera dorsalis,exit,-1,17,1206.25,568.26,0.9312
output.mp4,33678,33678,710,0,Bactrocera dorsalis,enter,1,18,1177.59,576.86,0.9399
output.mp4,33697,33697,710,0,Bactrocera dorsalis,exit,-1,17,1125.83,584.0,0.9346
output.mp4,33775,33775,710,0,Bactrocera dorsalis,enter,1,18,1041.47,679.83,0.9263
output.mp4,33862,33862,710,0,Bactrocera dorsalis,exit,-1,17,1056.08,813.8,0.9282
output.mp4,34295,34295,756,0,Bactrocera dorsalis,enter,1,18,1318.97,660.58,0.9219
output.mp4,34821,34821,756,0,Bactrocera dorsalis,exit,-1,17,1032.67,732.2,0.9033
output.mp4,36207,36207,759,0,Bactrocera dorsalis,enter,1,18,1325.22,673.5,0.9341
output.mp4,36361,36361,759,0,Bactrocera dorsalis,exit,-1,17,1054.28,648.35,0.937
output.mp4,36363,36363,753,0,Bactrocera dorsalis,enter,1,18,1153.36,869.0,0.9424
output.mp4,36388,36388,753,0,Bactrocera dorsalis,exit,-1,17,1132.12,865.41,0.9492
output.mp4,36391,36391,753,0,Bactrocera dorsalis,enter,1,18,1128.68,863.41,0.9487
output.mp4,36400,36400,759,0,Bactrocera dorsalis,enter,1,19,1036.22,706.05,0.9209
output.mp4,36407,36407,759,0,Bactrocera dorsalis,exit,-1,18,1035.23,702.2,0.9307
output.mp4,36408,36408,759,0,Bactrocera dorsalis,enter,1,19,1035.65,702.24,0.915
output.mp4,36458,36458,753,0,Bactrocera dorsalis,exit,-1,18,1158.81,871.99,0.9346
output.mp4,36474,36474,753,0,Bactrocera dorsalis,enter,1,19,1161.5,871.59,0.938
output.mp4,36484,36484,753,0,Bactrocera dorsalis,exit,-1,18,1173.92,873.72,0.9287
output.mp4,36489,36489,753,0,Bactrocera dorsalis,enter,1,19,1175.37,873.69,0.9331
output.mp4,38709,38709,861,0,Bactrocera dorsalis,enter,1,20,1107.08,852.56,0.9399
output.mp4,39015,39015,864,0,Bactrocera dorsalis,enter,1,21,1321.42,681.4,0.9434
output.mp4,39101,39101,861,0,Bactrocera dorsalis,exit,-1,20,1047.33,659.55,0.8975
output.mp4,39124,39124,864,0,Bactrocera dorsalis,exit,-1,19,1282.58,842.86,0.938
output.mp4,39137,39137,861,0,Bactrocera dorsalis,enter,1,20,1053.26,652.65,0.9185
output.mp4,39739,39739,874,0,Bactrocera dorsalis,enter,1,21,1281.59,836.69,0.9341
output.mp4,39776,39776,861,0,Bactrocera dorsalis,exit,-1,20,1036.54,688.8,0.9204
output.mp4,40313,40313,882,0,Bactrocera dorsalis,enter,1,21,1243.23,853.34,0.9287
output.mp4,40348,40348,882,0,Bactrocera dorsalis,exit,-1,20,1051.46,802.01,0.9375
output.mp4,40350,40350,881,0,Bactrocera dorsalis,enter,1,21,1324.34,695.75,0.9424
output.mp4,40400,40400,882,0,Bactrocera dorsalis,enter,1,22,1035.36,732.1,0.9106
output.mp4,40477,40477,882,0,Bactrocera dorsalis,exit,-1,21,1034.57,700.46,0.9248
output.mp4,40501,40501,882,0,Bactrocera dorsalis,enter,1,22,1066.19,631.76,0.9375
output.mp4,40502,40502,881,0,Bactrocera dorsalis,exit,-1,21,1073.39,827.3,0.9458
output.mp4,40818,40818,897,0,Bactrocera dorsalis,enter,1,22,1104.52,845.03,0.9438
output.mp4,40845,40845,895,0,Bactrocera dorsalis,enter,1,23,1330.58,753.65,0.9473
output.mp4,40883,40883,895,0,Bactrocera dorsalis,exit,-1,22,1313.27,805.81,0.9507
output.mp4,40994,40994,882,0,Bactrocera dorsalis,exit,-1,21,1113.56,589.34,0.9116
output.mp4,41059,41059,882,0,Bactrocera dorsalis,enter,1,22,1058.48,644.72,0.8716
output.mp4,41576,41576,920,0,Bactrocera dorsalis,enter,1,23,1328.61,689.01,0.9443
output.mp4,41581,41581,882,0,Bactrocera dorsalis,exit,-1,22,1038.49,764.48,0.9287
output.mp4,41648,41648,882,0,Bactrocera dorsalis,enter,1,23,1082.29,615.68,0.9258
output.mp4,41700,41700,920,0,Bactrocera dorsalis,exit,-1,22,1050.61,804.21,0.9258
output.mp4,41858,41858,920,0,Bactrocera dorsalis,enter,1,23,1041.35,678.54,0.9136
output.mp4,42221,42221,938,0,Bactrocera dorsalis,enter,1,24,1272.15,834.03,0.9331
output.mp4,42718,42718,933,0,Bactrocera dorsalis,enter,1,25,1330.37,723.09,0.9307
output.mp4,43694,43694,971,0,Bactrocera dorsalis,enter,1,26,1330.58,698.35,0.9355
output.mp4,44465,44465,977,0,Bactrocera dorsalis,enter,1,27,1329.44,752.9,0.9189
output.mp4,45246,45246,992,0,Bactrocera dorsalis,enter,1,28,1320.89,688.7,0.9292
output.mp4,45273,45273,992,0,Bactrocera dorsalis,exit,-1,27,1087.89,608.74,0.9399
output.mp4,45304,45304,992,0,Bactrocera dorsalis,enter,1,28,1049.48,661.14,0.9375
output.mp4,45535,45535,993,0,Bactrocera dorsalis,enter,1,29,1315.39,795.0,0.7827
output.mp4,45703,45703,999,0,Bactrocera dorsalis,enter,1,30,1224.53,866.82,0.937
output.mp4,45711,45711,993,0,Bactrocera dorsalis,exit,-1,29,1321.02,660.79,0.9312
output.mp4,45768,45768,999,0,Bactrocera dorsalis,exit,-1,28,1220.03,871.47,0.9126
output.mp4,46759,46759,1011,0,Bactrocera dorsalis,enter,1,29,1234.53,585.87,0.9375
output.mp4,46831,46831,1011,0,Bactrocera dorsalis,exit,-1,28,1052.98,647.97,0.9292
output.mp4,46907,46907,1011,0,Bactrocera dorsalis,enter,1,29,1037.5,750.09,0.9468
output.mp4,47137,47137,1013,0,Bactrocera dorsalis,enter,1,30,1295.86,816.85,0.9312
output.mp4,47224,47224,1013,0,Bactrocera dorsalis,exit,-1,29,1219.04,577.65,0.9458
output.mp4,47756,47756,1013,0,Bactrocera dorsalis,enter,1,30,1113.42,855.33,0.9272
output.mp4,47763,47763,1013,0,Bactrocera dorsalis,exit,-1,29,1171.07,876.53,0.9482
output.mp4,49296,49296,1039,0,Bactrocera dorsalis,enter,1,30,1332.26,711.06,0.9292
output.mp4,49522,49522,1039,0,Bactrocera dorsalis,exit,-1,29,1192.8,573.45,0.9326
output.mp4,49994,49994,1039,0,Bactrocera dorsalis,enter,1,30,1190.47,869.55,0.9331
output.mp4,50076,50076,991,0,Bactrocera dorsalis,enter,1,31,1299.87,813.62,0.9414
output.mp4,50079,50079,1039,0,Bactrocera dorsalis,exit,-1,30,1181.69,568.35,0.9248
output.mp4,50481,50481,1055,0,Bactrocera dorsalis,enter,1,31,1208.0,577.01,0.9214
output.mp4,50535,50535,1055,0,Bactrocera dorsalis,exit,-1,30,1202.02,573.54,0.9434
output.mp4,50702,50702,1055,0,Bactrocera dorsalis,enter,1,31,1156.35,576.85,0.938
output.mp4,50721,50721,991,0,Bactrocera dorsalis,exit,-1,30,1040.32,775.76,0.9434
output.mp4,50864,50864,1055,0,Bactrocera dorsalis,exit,-1,29,1094.67,600.65,0.9316
output.mp4,50890,50890,1055,0,Bactrocera dorsalis,enter,1,30,1064.47,633.5,0.9341
output.mp4,50891,50891,1055,0,Bactrocera dorsalis,exit,-1,29,1063.8,634.07,0.9346
output.mp4,50892,50892,1055,0,Bactrocera dorsalis,enter,1,30,1063.55,634.68,0.9326
output.mp4,52627,52627,991,0,Bactrocera dorsalis,enter,1,31,1040.22,687.65,0.9097
output.mp4,54714,54714,1094,0,Bactrocera dorsalis,enter,1,32,1321.64,673.7,0.6245
output.mp4,54840,54840,1094,0,Bactrocera dorsalis,exit,-1,31,1198.02,569.09,0.9414
output.mp4,55659,55659,1101,0,Bactrocera dorsalis,enter,1,32,1094.5,842.98,0.9175
output.mp4,58875,58875,1132,0,Bactrocera dorsalis,enter,1,33,1326.89,716.51,0.9443
output.mp4,62250,62250,1145,0,Bactrocera dorsalis,enter,1,34,1244.81,860.69,0.9282
output.mp4,62267,62267,1145,0,Bactrocera dorsalis,exit,-1,33,1103.07,850.32,0.9512
output.mp4,62962,62962,1149,0,Bactrocera dorsalis,enter,1,34,1327.92,732.29,0.9316
output.mp4,63119,63119,1154,0,Bactrocera dorsalis,enter,1,35,1182.18,576.47,0.9395
output.mp4,63683,63683,1161,0,Bactrocera dorsalis,enter,1,36,1321.1,767.66,0.9331
output.mp4,63722,63722,1154,0,Bactrocera dorsalis,exit,-1,35,1035.61,698.75,0.9414
output.mp4,63926,63926,1161,0,Bactrocera dorsalis,exit,-1,34,1064.56,633.06,0.9336
output.mp4,63952,63952,1161,0,Bactrocera dorsalis,enter,1,35,1049.85,657.35,0.9312
output.mp4,63985,63985,1154,0,Bactrocera dorsalis,enter,1,36,1038.41,759.0,0.936
output.mp4,64585,64585,1172,0,Bactrocera dorsalis,enter,1,37,1277.49,838.23,0.9321
output.mp4,65234,65234,1187,0,Bactrocera dorsalis,enter,1,38,1129.92,592.32,0.9375
output.mp4,65358,65358,1192,0,Bactrocera dorsalis,enter,1,39,1327.81,696.3,0.9399
output.mp4,65371,65371,1187,0,Bactrocera dorsalis,exit,-1,38,1226.95,871.11,0.9341
output.mp4,65504,65504,1192,0,Bactrocera dorsalis,exit,-1,37,1057.33,804.57,0.9443
output.mp4,65648,65648,1188,0,Bactrocera dorsalis,enter,1,38,1327.43,691.41,0.9424
output.mp4,65648,65648,1183,0,Bactrocera dorsalis,enter,1,39,1271.12,840.97,0.9424
output.mp4,66087,66087,1201,0,Bactrocera dorsalis,enter,1,40,1120.38,853.87,0.918
output.mp4,66171,66171,1188,0,Bactrocera dorsalis,exit,-1,39,1268.32,848.6,0.916
output.mp4,66346,66346,1193,0,Bactrocera dorsalis,enter,1,40,1050.61,656.65,0.9292
output.mp4,67054,67054,1210,0,Bactrocera dorsalis,enter,1,41,1317.82,791.31,0.9541
output.mp4,67057,67057,1210,0,Bactrocera dorsalis,exit,-1,40,1317.73,792.75,0.9277
output.mp4,67058,67058,1210,0,Bactrocera dorsalis,enter,1,41,1314.42,795.21,0.9424
output.mp4,67153,67153,1210,0,Bactrocera dorsalis,exit,-1,40,1039.42,770.44,0.9229
output.mp4,67232,67232,1210,0,Bactrocera dorsalis,enter,1,41,1095.54,607.23,0.9185
output.mp4,67239,67239,1213,0,Bactrocera dorsalis,enter,1,42,1324.46,773.75,0.9326
output.mp4,67250,67250,1213,0,Bactrocera dorsalis,exit,-1,41,1287.88,836.23,0.9307
output.mp4,67439,67439,1208,0,Bactrocera dorsalis,enter,1,42,1300.07,812.1,0.9341
output.mp4,67454,67454,1220,0,Bactrocera dorsalis,enter,1,43,1324.61,681.78,0.9287
output.mp4,67460,67460,1208,0,Bactrocera dorsalis,exit,-1,42,1262.91,857.95,0.9287
output.mp4,67477,67477,1220,0,Bactrocera dorsalis,exit,-1,41,1184.47,572.4,0.9312
output.mp4,67489,67489,1208,0,Bactrocera dorsalis,enter,1,42,1296.53,821.39,0.9385
output.mp4,67507,67507,1220,0,Bactrocera dorsalis,enter,1,43,1113.59,592.95,0.8843
output.mp4,67600,67600,1215,0,Bactrocera dorsalis,enter,1,44,1317.59,656.71,0.9399
output.mp4,67646,67646,1212,0,Bactrocera dorsalis,exit,-1,43,1033.76,743.57,0.9204
output.mp4,67648,67648,1220,0,Bactrocera dorsalis,exit,-1,42,1053.24,650.4,0.8818
output.mp4,67713,67713,1215,0,Bactrocera dorsalis,exit,-1,41,1067.37,629.56,0.9321
output.mp4,67714,67714,1212,0,Bactrocera dorsalis,enter,1,42,1089.02,838.45,0.9395
output.mp4,67719,67719,1208,0,Bactrocera dorsalis,exit,-1,41,1033.83,726.74,0.8784
output.mp4,67727,67727,1208,0,Bactrocera dorsalis,enter,1,42,1034.58,720.7,0.8311
output.mp4,67729,67729,1208,0,Bactrocera dorsalis,exit,-1,41,1032.92,711.23,0.8716
output.mp4,67739,67739,1212,0,Bactrocera dorsalis,exit,-1,40,1081.82,836.07,0.9453
output.mp4,67808,67808,1212,0,Bactrocera dorsalis,enter,1,41,1039.75,765.13,0.9038
output.mp4,67827,67827,1215,0,Bactrocera dorsalis,enter,1,42,1059.43,642.57,0.9048
output.mp4,69462,69462,1261,0,Bactrocera dorsalis,enter,1,43,1079.68,828.72,0.9531
output.mp4,71600,71600,1273,0,Bactrocera dorsalis,enter,1,44,1225.53,868.11,0.9375
output.mp4,71629,71629,1273,0,Bactrocera dorsalis,exit,-1,43,1077.31,831.5,0.9502
output.mp4,72366,72366,1277,0,Bactrocera dorsalis,enter,1,44,1280.53,614.56,0.9087
output.mp4,72402,72402,1277,0,Bactrocera dorsalis,exit,-1,43,1241.98,577.49,0.9038
output.mp4,74070,74070,1274,0,Bactrocera dorsalis,enter,1,44,1231.65,583.17,0.9448
output.mp4,74090,74090,1274,0,Bactrocera dorsalis,exit,-1,43,1208.94,576.05,0.9365
output.mp4,74856,74856,1285,0,Bactrocera dorsalis,enter,1,44,1326.49,691.56,0.9326
output.mp4,75001,75001,1285,0,Bactrocera dorsalis,exit,-1,43,1331.77,750.18,0.9331
output.mp4,75413,75413,1282,0,Bactrocera dorsalis,enter,1,44,1302.73,636.97,0.9404
output.mp4,75588,75588,1282,0,Bactrocera dorsalis,exit,-1,43,1084.36,605.98,0.9141
output.mp4,77713,77713,1298,0,Bactrocera dorsalis,enter,1,44,1106.8,595.4,0.9331
output.mp4,77715,77715,1298,0,Bactrocera dorsalis,exit,-1,43,1106.8,595.39,0.9331
output.mp4,77722,77722,1298,0,Bactrocera dorsalis,enter,1,44,1105.77,596.56,0.9351
output.mp4,77813,77813,1298,0,Bactrocera dorsalis,exit,-1,43,1099.21,599.18,0.9312
output.mp4,77833,77833,1298,0,Bactrocera dorsalis,enter,1,44,1095.36,604.74,0.9243
output.mp4,80733,80733,1320,0,Bactrocera dorsalis,enter,1,45,1308.01,649.06,0.9468
output.mp4,80751,80751,1320,0,Bactrocera dorsalis,exit,-1,44,1229.9,577.51,0.9453
output.mp4,81804,81804,1323,0,Bactrocera dorsalis,enter,1,45,1313.55,790.55,0.9478
output.mp4,85631,85631,1332,0,Bactrocera dorsalis,enter,1,46,1325.08,762.32,0.9277
output.mp4,86057,86057,1339,0,Bactrocera dorsalis,enter,1,47,1278.75,607.98,0.9365
output.mp4,86078,86078,1332,0,Bactrocera dorsalis,exit,-1,46,1068.47,627.36,0.9282
output.mp4,86129,86129,1332,0,Bactrocera dorsalis,enter,1,47,1083.14,613.44,0.9224
output.mp4,86133,86133,1332,0,Bactrocera dorsalis,exit,-1,46,1089.99,607.01,0.9409
output.mp4,86141,86141,1332,0,Bactrocera dorsalis,enter,1,47,1091.38,606.23,0.9399
output.mp4,86280,86280,1339,0,Bactrocera dorsalis,exit,-1,46,1323.13,643.84,0.9424
output.mp4,86934,86934,1339,0,Bactrocera dorsalis,enter,1,47,1172.87,575.96,0.915
output.mp4,92962,92962,1367,0,Bactrocera dorsalis,enter,1,48,1300.05,644.6,0.9434
output.mp4,94883,94883,1373,0,Bactrocera dorsalis,enter,1,49,1326.93,732.83,0.9365
output.mp4,94933,94933,1373,0,Bactrocera dorsalis,exit,-1,48,1129.64,583.49,0.9243
output.mp4,94997,94997,1373,0,Bactrocera dorsalis,enter,1,49,1039.51,684.68,0.9214
output.mp4,98793,98793,1390,0,Bactrocera dorsalis,enter,1,50,1255.94,592.69,0.936
output.mp4,100599,100599,1393,0,Bactrocera dorsalis,exit,-1,49,1176.09,566.5,0.9341
output.mp4,101790,101790,1401,0,Bactrocera dorsalis,exit,-1,48,1133.2,582.05,0.9351
output.mp4,101884,101884,1401,0,Bactrocera dorsalis,enter,1,49,1110.46,594.46,0.9316
output.mp4,101895,101895,1401,0,Bactrocera dorsalis,exit,-1,48,1082.99,612.76,0.9292
output.mp4,101901,101901,1401,0,Bactrocera dorsalis,enter,1,49,1081.09,614.96,0.9541
output.mp4,102500,102500,1403,0,Bactrocera dorsalis,enter,1,50,1175.93,873.72,0.8955
output.mp4,102559,102559,1408,0,Bactrocera dorsalis,enter,1,51,1103.36,599.86,0.9204
output.mp4,102713,102713,1403,0,Bactrocera dorsalis,exit,-1,50,1332.56,749.85,0.9312
output.mp4,111616,111616,1422,0,Bactrocera dorsalis,enter,1,51,1304.78,635.63,0.9507
output.mp4,111624,111624,1422,0,Bactrocera dorsalis,exit,-1,50,1302.73,631.7,0.9458
output.mp4,111626,111626,1422,0,Bactrocera dorsalis,enter,1,51,1297.15,626.25,0.9355
output.mp4,117082,117082,1442,0,Bactrocera dorsalis,enter,1,52,1052.36,652.43,0.8887
output.mp4,117289,117289,1443,0,Bactrocera dorsalis,enter,1,53,1309.78,654.99,0.936
output.mp4,117670,117670,1449,0,Bactrocera dorsalis,enter,1,54,1326.24,693.88,0.9346
output.mp4,124538,124538,1462,0,Bactrocera dorsalis,enter,1,55,1318.43,662.8,0.8257
output.mp4,124748,124748,1462,0,Bactrocera dorsalis,exit,-1,54,1319.92,788.97,0.9468
output.mp4,126192,126192,1466,0,Bactrocera dorsalis,enter,1,55,1305.35,645.21,0.9395
output.mp4,126428,126428,1462,0,Bactrocera dorsalis,enter,1,56,1034.33,731.58,0.8643
output.mp4,126479,126479,1462,0,Bactrocera dorsalis,exit,-1,55,1033.75,708.87,0.8643
output.mp4,126493,126493,1462,0,Bactrocera dorsalis,enter,1,56,1035.34,706.12,0.8706
output.mp4,127228,127228,1468,0,Bactrocera dorsalis,enter,1,57,1202.79,575.5,0.9507
output.mp4,128871,128871,1476,0,Bactrocera dorsalis,enter,1,58,1041.12,678.66,0.9355
output.mp4,137068,137068,1480,0,Bactrocera dorsalis,enter,1,59,1314.31,668.14,0.9463
output.mp4,138878,138878,1486,0,Bactrocera dorsalis,enter,1,60,1325.06,677.98,0.9512
output.mp4,138922,138922,1490,0,Bactrocera dorsalis,exit,-1,59,1028.51,784.63,0.8965
output.mp4,139698,139698,1496,0,Bactrocera dorsalis,enter,1,60,1163.28,872.38,0.9336
output.mp4,139769,139769,1496,0,Bactrocera dorsalis,exit,-1,59,1084.63,837.7,0.9487
output.mp4,143178,143178,1503,0,Bactrocera dorsalis,enter,1,60,1186.96,872.77,0.9185
output.mp4,143362,143362,1503,0,Bactrocera dorsalis,exit,-1,59,1142.38,869.43,0.937
output.mp4,143913,143913,1503,0,Bactrocera dorsalis,enter,1,60,1036.0,744.11,0.9263
output.mp4,144499,144499,1507,0,Bactrocera dorsalis,enter,1,61,1262.27,602.13,0.937
output.mp4,144542,144542,1507,0,Bactrocera dorsalis,exit,-1,60,1084.84,610.56,0.9546
output.mp4,144551,144551,1507,0,Bactrocera dorsalis,enter,1,61,1077.28,618.75,0.9385
output.mp4,144552,144552,1507,0,Bactrocera dorsalis,exit,-1,60,1074.36,620.01,0.937
output.mp4,144561,144561,1503,0,Bactrocera dorsalis,exit,-1,59,1087.96,851.45,0.9316
output.mp4,144580,144580,1503,0,Bactrocera dorsalis,enter,1,60,1148.74,866.28,0.9331
output.mp4,144594,144594,1507,0,Bactrocera dorsalis,enter,1,61,1059.64,640.52,0.9312
output.mp4,144598,144598,1507,0,Bactrocera dorsalis,exit,-1,60,1058.54,641.61,0.9331
output.mp4,144602,144602,1507,0,Bactrocera dorsalis,enter,1,61,1059.21,640.85,0.9346
output.mp4,144665,144665,1507,0,Bactrocera dorsalis,exit,-1,60,1059.77,639.23,0.9409
output.mp4,144711,144711,1507,0,Bactrocera dorsalis,enter,1,61,1046.69,673.8,0.918
output.mp4,145031,145031,1506,0,Bactrocera dorsalis,enter,1,62,1218.11,578.15,0.9419
output.mp4,146957,146957,1522,0,Bactrocera dorsalis,enter,1,63,1322.03,698.47,0.9448
output.mp4,148403,148403,1539,0,Bactrocera dorsalis,enter,1,64,1285.94,616.52,0.9365
output.mp4,148405,148405,1539,0,Bactrocera dorsalis,exit,-1,63,1280.53,608.8,0.9438
output.mp4,148427,148427,1539,0,Bactrocera dorsalis,enter,1,64,1263.99,601.72,0.9365
output.mp4,148461,148461,1539,0,Bactrocera dorsalis,exit,-1,63,1229.3,580.1,0.9473
output.mp4,148485,148485,1539,0,Bactrocera dorsalis,enter,1,64,1216.17,577.72,0.9253
output.mp4,148491,148491,1539,0,Bactrocera dorsalis,exit,-1,63,1215.71,577.32,0.9258
output.mp4,148493,148493,1539,0,Bactrocera dorsalis,enter,1,64,1215.76,577.4,0.9253
output.mp4,148495,148495,1539,0,Bactrocera dorsalis,exit,-1,63,1215.79,577.4,0.9253
output.mp4,148501,148501,1539,0,Bactrocera dorsalis,enter,1,64,1217.2,578.67,0.9375
output.mp4,148561,148561,1539,0,Bactrocera dorsalis,exit,-1,63,1053.98,647.98,0.9321
output.mp4,148580,148580,1539,0,Bactrocera dorsalis,enter,1,64,1037.32,694.3,0.9385
output.mp4,148964,148964,1544,0,Bactrocera dorsalis,enter,1,65,1331.41,700.06,0.918
output.mp4,149051,149051,1544,0,Bactrocera dorsalis,exit,-1,64,1110.33,592.17,0.9116
output.mp4,149875,149875,1544,0,Bactrocera dorsalis,enter,1,65,1036.02,704.7,0.8267
output.mp4,154939,154939,1550,0,Bactrocera dorsalis,enter,1,66,1321.08,717.54,0.9307
output.mp4,155101,155101,1550,0,Bactrocera dorsalis,exit,-1,65,1034.94,748.5,0.936
output.mp4,159224,159224,1553,0,Bactrocera dorsalis,exit,-1,64,1035.94,759.97,0.9258
output.mp4,159769,159769,1553,0,Bactrocera dorsalis,enter,1,65,1052.34,658.61,0.9082
output.mp4,160500,160500,1554,0,Bactrocera dorsalis,enter,1,66,1327.16,739.13,0.9355
output.mp4,160660,160660,1556,0,Bactrocera dorsalis,enter,1,67,1331.01,727.81,0.9321
output.mp4,161200,161200,1564,0,Bactrocera dorsalis,enter,1,68,1321.63,779.88,0.9331
output.mp4,161642,161642,1561,0,Bactrocera dorsalis,enter,1,69,1151.09,579.76,0.9141
output.mp4,161727,161727,1561,0,Bactrocera dorsalis,exit,-1,68,1085.68,609.57,0.9194
output.mp4,161854,161854,1561,0,Bactrocera dorsalis,enter,1,69,1056.88,644.86,0.9194
output.mp4,161855,161855,1561,0,Bactrocera dorsalis,exit,-1,68,1056.2,645.31,0.9136
output.mp4,161858,161858,1561,0,Bactrocera dorsalis,enter,1,69,1059.24,646.96,0.749
output.mp4,163578,163578,1570,0,Bactrocera dorsalis,enter,1,70,1329.31,746.18,0.9458
output.mp4,163816,163816,1570,0,Bactrocera dorsalis,exit,-1,69,1089.7,847.96,0.938
output.mp4,167379,167379,1581,0,Bactrocera dorsalis,enter,1,70,1266.23,847.3,0.9131
output.mp4,167395,167395,1581,0,Bactrocera dorsalis,exit,-1,69,1258.59,854.68,0.9248
output.mp4,167401,167401,1581,0,Bactrocera dorsalis,enter,1,70,1250.82,856.06,0.9243
output.mp4,175565,175565,1591,0,Bactrocera dorsalis,enter,1,71,1321.21,768.83,0.9277
output.mp4,180793,180793,1595,0,Bactrocera dorsalis,enter,1,72,1314.46,658.61,0.9658
output.mp4,196723,196723,1608,0,Bactrocera dorsalis,enter,1,73,1304.83,808.07,0.9482
output.mp4,198789,198789,1615,0,Bactrocera dorsalis,enter,1,74,1038.6,744.32,0.916
output.mp4,201014,201014,1618,0,Bactrocera dorsalis,enter,1,75,1277.29,838.51,0.9526
output.mp4,202876,202876,1616,0,Bactrocera dorsalis,enter,1,76,1193.86,575.22,0.9365
output.mp4,203349,203349,1626,0,Bactrocera dorsalis,enter,1,77,1325.79,733.61,0.9292
output.mp4,203362,203362,1626,0,Bactrocera dorsalis,exit,-1,76,1274.09,603.66,0.9517
output.mp4,204127,204127,1642,0,Bactrocera dorsalis,enter,1,77,1053.63,650.78,0.9189
output.mp4,204134,204134,1642,0,Bactrocera dorsalis,exit,-1,76,1031.92,723.44,0.9292
output.mp4,204139,204139,1642,0,Bactrocera dorsalis,enter,1,77,1038.41,758.62,0.8989
output.mp4,204154,204154,1645,0,Bactrocera dorsalis,enter,1,78,1099.34,845.34,0.9365
output.mp4,204155,204155,1642,0,Bactrocera dorsalis,exit,-1,77,1035.06,753.19,0.9351
output.mp4,204157,204157,1642,0,Bactrocera dorsalis,enter,1,78,1035.55,743.59,0.9165
output.mp4,204160,204160,1645,0,Bactrocera dorsalis,exit,-1,77,1095.15,854.24,0.9287
output.mp4,204283,204283,1651,0,Bactrocera dorsalis,enter,1,78,1182.58,871.71,0.9312
output.mp4,206134,206134,1714,0,Bactrocera dorsalis,enter,1,79,1044.67,680.79,0.894
output.mp4,206141,206141,1687,0,Bactrocera dorsalis,enter,1,80,1145.06,580.07,0.9268
output.mp4,206681,206681,1684,0,Bactrocera dorsalis,enter,1,81,1104.25,849.23,0.9312
output.mp4,206755,206755,1684,0,Bactrocera dorsalis,exit,-1,80,1097.38,847.52,0.9106
output.mp4,206983,206983,1684,0,Bactrocera dorsalis,enter,1,81,1036.76,702.61,0.9131
output.mp4,217200,217200,1766,0,Bactrocera dorsalis,enter,1,82,1054.62,652.51,0.9111
output.mp4,218211,218211,1770,0,Bactrocera dorsalis,exit,-1,81,1102.03,849.67,0.9341
output.mp4,219367,219367,1773,0,Bactrocera dorsalis,enter,1,82,1329.88,750.47,0.9326
output.mp4,226999,226999,1790,0,Bactrocera dorsalis,enter,1,83,1265.87,604.62,0.9375
output.mp4,233938,233938,1815,0,Bactrocera dorsalis,enter,1,84,1220.85,863.84,0.9448
output.mp4,233979,233979,1815,0,Bactrocera dorsalis,exit,-1,83,1152.79,573.54,0.9424
output.mp4,234170,234170,1822,0,Bactrocera dorsalis,enter,1,84,1148.28,586.42,0.9321
output.mp4,236711,236711,1835,0,Bactrocera dorsalis,enter,1,85,1292.32,639.11,0.9248
output.mp4,236737,236737,1835,0,Bactrocera dorsalis,exit,-1,84,1094.5,597.0,0.9175
output.mp4,236846,236846,1835,0,Bactrocera dorsalis,enter,1,85,1053.58,649.98,0.9131
output.mp4,236880,236880,1835,0,Bactrocera dorsalis,exit,-1,84,1032.99,729.95,0.894
output.mp4,236892,236892,1835,0,Bactrocera dorsalis,enter,1,85,1034.73,736.58,0.9248
output.mp4,236911,236911,1835,0,Bactrocera dorsalis,exit,-1,84,1033.93,734.06,0.873
output.mp4,236935,236935,1835,0,Bactrocera dorsalis,enter,1,85,1034.46,730.75,0.9082
output.mp4,237818,237818,1859,0,Bactrocera dorsalis,enter,1,86,1200.96,866.62,0.875
output.mp4,238397,238397,1885,0,Bactrocera dorsalis,enter,1,87,1150.74,585.98,0.9126
output.mp4,238675,238675,1892,0,Bactrocera dorsalis,enter,1,88,1300.19,631.81,0.9292
output.mp4,241476,241476,1905,0,Bactrocera dorsalis,enter,1,89,1127.45,860.52,0.9419
output.mp4,249775,249775,1908,0,Bactrocera dorsalis,enter,1,90,1313.8,655.7,0.9404
output.mp4,249785,249785,1908,0,Bactrocera dorsalis,exit,-1,89,1335.12,761.31,0.937
output.mp4,250181,250181,1908,0,Bactrocera dorsalis,enter,1,90,1182.12,574.69,0.938
output.mp4,250265,250265,1908,0,Bactrocera dorsalis,exit,-1,89,1210.32,876.91,0.4863
output.mp4,250417,250417,1908,0,Bactrocera dorsalis,enter,1,90,1319.88,664.47,0.9434
output.mp4,255753,255753,1933,0,Bactrocera dorsalis,enter,1,91,1109.69,849.65,0.9263
output.mp4,257554,257554,1938,0,Bactrocera dorsalis,enter,1,92,1095.33,843.06,0.9351
output.mp4,257564,257564,1938,0,Bactrocera dorsalis,exit,-1,91,1093.96,846.46,0.9141
output.mp4,257590,257590,1938,0,Bactrocera dorsalis,enter,1,92,1085.82,837.19,0.9409
output.mp4,272265,272265,1946,0,Bactrocera dorsalis,enter,1,93,1283.7,613.22,0.9429
output.mp4,272305,272305,1946,0,Bactrocera dorsalis,exit,-1,92,1332.09,691.31,0.9487
output.mp4,272348,272348,1946,0,Bactrocera dorsalis,enter,1,93,1292.18,816.18,0.9409
output.mp4,280280,280280,1951,0,Bactrocera dorsalis,enter,1,94,1332.91,706.95,0.9497
output.mp4,283662,283662,1977,0,Bactrocera dorsalis,enter,1,95,1243.26,587.79,0.9136
output.mp4,284010,284010,1978,0,Bactrocera dorsalis,enter,1,96,1182.87,867.71,0.9346
output.mp4,284475,284475,1981,0,Bactrocera dorsalis,enter,1,97,1310.01,644.25,0.9419
output.mp4,285036,285036,1981,0,Bactrocera dorsalis,exit,-1,96,1041.39,675.25,0.9282
output.mp4,285040,285040,1981,0,Bactrocera dorsalis,enter,1,97,1051.43,653.99,0.9307
output.mp4,290574,290574,2002,0,Bactrocera dorsalis,enter,1,98,1333.71,730.99,0.9292
output.mp4,290837,290837,2002,0,Bactrocera dorsalis,exit,-1,97,1106.83,856.18,0.9189
output.mp4,290855,290855,2002,0,Bactrocera dorsalis,enter,1,98,1103.71,850.44,0.9321
output.mp4,290861,290861,2002,0,Bactrocera dorsalis,exit,-1,97,1103.28,850.48,0.9326
output.mp4,290865,290865,2002,0,Bactrocera dorsalis,enter,1,98,1102.77,850.0,0.9287
output.mp4,290866,290866,2002,0,Bactrocera dorsalis,exit,-1,97,1102.77,850.2,0.9292
output.mp4,290870,290870,2002,0,Bactrocera dorsalis,enter,1,98,1103.13,848.91,0.9248
output.mp4,309968,309968,2003,0,Bactrocera dorsalis,enter,1,99,1326.75,753.34,0.9307
output.mp4,316953,316953,2006,0,Bactrocera dorsalis,enter,1,100,1317.1,660.48,0.9482
output.mp4,317025,317025,2013,0,Bactrocera dorsalis,enter,1,101,1331.35,743.41,0.939
output.mp4,317066,317066,2006,0,Bactrocera dorsalis,exit,-1,100,1078.32,833.2,0.9341
output.mp4,317238,317238,2006,0,Bactrocera dorsalis,enter,1,101,1037.69,756.27,0.9072
output.mp4,319844,319844,2018,0,Bactrocera dorsalis,enter,1,102,1327.05,680.47,0.9346
output.mp4,323819,323819,2043,0,Bactrocera dorsalis,enter,1,103,1038.88,720.22,0.9355
output.mp4,329876,329876,2051,0,Bactrocera dorsalis,enter,1,104,1061.6,640.75,0.9092
output.mp4,348639,348639,2061,0,Bactrocera dorsalis,enter,1,105,1051.0,793.14,0.9307
output.mp4,352348,352348,2057,0,Bactrocera dorsalis,enter,1,106,1050.63,661.95,0.8926
output.mp4,358026,358026,2069,0,Bactrocera dorsalis,enter,1,107,1330.89,709.77,0.9365
output.mp4,358132,358132,2069,0,Bactrocera dorsalis,exit,-1,106,1083.46,611.71,0.9126
output.mp4,358233,358233,2069,0,Bactrocera dorsalis,enter,1,107,1035.2,734.13,0.6548
output.mp4,381122,381122,2077,0,Bactrocera dorsalis,enter,1,108,1218.42,866.09,0.9482
output.mp4,381153,381153,2075,0,Bactrocera dorsalis,enter,1,109,1187.87,577.09,0.9185
output.mp4,381187,381187,2077,0,Bactrocera dorsalis,exit,-1,108,1168.98,876.78,0.9355
output.mp4,381238,381238,2077,0,Bactrocera dorsalis,enter,1,109,1113.27,853.66,0.9253
output.mp4,381344,381344,2083,0,Bactrocera dorsalis,enter,1,110,1328.6,690.9,0.9326
output.mp4,381403,381403,2077,0,Bactrocera dorsalis,exit,-1,109,1092.83,849.13,0.8643
output.mp4,381426,381426,2077,0,Bactrocera dorsalis,enter,1,110,1180.68,870.33,0.9131
output.mp4,381427,381427,2083,0,Bactrocera dorsalis,exit,-1,109,1218.72,577.77,0.9346
output.mp4,381491,381491,2084,0,Bactrocera dorsalis,enter,1,110,1278.4,611.99,0.9502
output.mp4,381517,381517,2084,0,Bactrocera dorsalis,exit,-1,109,1329.48,774.78,0.9434
output.mp4,381523,381523,2084,0,Bactrocera dorsalis,enter,1,110,1314.51,795.43,0.9507
output.mp4,381533,381533,2084,0,Bactrocera dorsalis,exit,-1,109,1295.1,825.71,0.9419
output.mp4,381539,381539,2084,0,Bactrocera dorsalis,enter,1,110,1296.01,823.74,0.9395
output.mp4,381543,381543,2084,0,Bactrocera dorsalis,exit,-1,109,1272.99,844.97,0.9448
output.mp4,381548,381548,2084,0,Bactrocera dorsalis,enter,1,110,1215.89,868.97,0.9414
output.mp4,381594,381594,2084,0,Bactrocera dorsalis,exit,-1,109,1123.21,861.22,0.9341
output.mp4,382165,382165,2084,0,Bactrocera dorsalis,enter,1,110,1093.03,606.79,0.8901
output.mp4,384429,384429,2104,0,Bactrocera dorsalis,enter,1,111,1096.56,603.98,0.8989
output.mp4,404211,404211,2123,0,Bactrocera dorsalis,enter,1,112,1333.18,711.76,0.9424
output.mp4,404251,404251,2123,0,Bactrocera dorsalis,exit,-1,111,1332.5,781.43,0.9385
output.mp4,404287,404287,2123,0,Bactrocera dorsalis,enter,1,112,1320.16,667.51,0.9482
output.mp4,434128,434128,2127,0,Bactrocera dorsalis,enter,1,113,1130.04,584.68,0.9404
output.mp4,434670,434670,2129,0,Bactrocera dorsalis,enter,1,114,1039.51,688.17,0.9185
output.mp4,434695,434695,2136,0,Bactrocera dorsalis,enter,1,115,1328.97,742.82,0.9429
output.mp4,434737,434737,2135,0,Bactrocera dorsalis,enter,1,116,1088.02,615.72,0.9097
output.mp4,434747,434747,2135,0,Bactrocera dorsalis,exit,-1,115,1049.64,653.4,0.8911
output.mp4,434764,434764,2135,0,Bactrocera dorsalis,enter,1,116,1046.28,684.22,0.9219
output.mp4,434767,434767,2135,0,Bactrocera dorsalis,exit,-1,115,1043.1,671.2,0.9253
output.mp4,434769,434769,2135,0,Bactrocera dorsalis,enter,1,116,1046.9,671.24,0.9189
output.mp4,434772,434772,2129,0,Bactrocera dorsalis,exit,-1,115,1114.0,860.07,0.9292
output.mp4,434780,434780,2129,0,Bactrocera dorsalis,enter,1,116,1174.72,869.09,0.9282
output.mp4,438176,438176,2155,0,Bactrocera dorsalis,enter,1,117,1034.92,708.39,0.9204
output.mp4,438180,438180,2155,0,Bactrocera dorsalis,exit,-1,116,1034.75,708.99,0.9189
output.mp4,438229,438229,2155,0,Bactrocera dorsalis,enter,1,117,1040.42,687.24,0.9092
output.mp4,438736,438736,2172,0,Bactrocera dorsalis,enter,1,118,1255.59,854.51,0.9492
output.mp4,438739,438739,2171,0,Bactrocera dorsalis,enter,1,119,1246.43,843.43,0.9429
output.mp4,444689,444689,2177,0,Bactrocera dorsalis,enter,1,120,1300.7,631.2,0.9326
output.mp4,451466,451466,2183,0,Bactrocera dorsalis,enter,1,121,1282.06,612.73,0.9272
output.mp4,451525,451525,2183,0,Bactrocera dorsalis,exit,-1,120,1112.6,591.78,0.8955
output.mp4,451645,451645,2183,0,Bactrocera dorsalis,enter,1,121,1038.65,725.59,0.9097
output.mp4,452239,452239,2201,0,Bactrocera dorsalis,enter,1,122,1088.39,611.01,0.9058
output.mp4,452637,452637,2202,0,Bactrocera dorsalis,enter,1,123,1227.19,580.42,0.9409
output.mp4,453241,453241,2201,0,Bactrocera dorsalis,exit,-1,122,1032.82,730.48,0.9185
output.mp4,453462,453462,2201,0,Bactrocera dorsalis,enter,1,123,1290.77,621.7,0.958
output.mp4,453524,453524,2201,0,Bactrocera dorsalis,exit,-1,122,1205.1,876.76,0.9312
output.mp4,453754,453754,2201,0,Bactrocera dorsalis,enter,1,123,1170.98,574.83,0.9067
output.mp4,468033,468033,2252,0,Bactrocera dorsalis,enter,1,124,1122.7,855.99,0.9336
output.mp4,472926,472926,2268,0,Bactrocera dorsalis,enter,1,125,1320.05,684.37,0.939
output.mp4,472960,472960,2268,0,Bactrocera dorsalis,exit,-1,124,1100.16,595.67,0.9185
output.mp4,473361,473361,2268,0,Bactrocera dorsalis,enter,1,125,1058.05,643.11,0.9072
output.mp4,473414,473414,2273,0,Bactrocera dorsalis,enter,1,126,1328.31,698.27,0.9238
output.mp4,473430,473430,2268,0,Bactrocera dorsalis,exit,-1,125,1035.33,702.76,0.9014
output.mp4,473512,473512,2268,0,Bactrocera dorsalis,enter,1,126,1036.65,736.96,0.9346
output.mp4,473548,473548,2277,0,Bactrocera dorsalis,enter,1,127,1303.39,633.42,0.9321
output.mp4,473573,473573,2268,0,Bactrocera dorsalis,exit,-1,126,1033.79,744.37,0.9326
output.mp4,473598,473598,2273,0,Bactrocera dorsalis,exit,-1,125,1115.15,588.31,0.916
output.mp4,473619,473619,2280,0,Bactrocera dorsalis,exit,-1,124,1332.88,677.5,0.9512
output.mp4,473686,473686,2280,0,Bactrocera dorsalis,enter,1,125,1266.15,836.6,0.9429
output.mp4,473871,473871,2268,0,Bactrocera dorsalis,enter,1,126,1092.66,605.32,0.8882
output.mp4,474498,474498,2273,0,Bactrocera dorsalis,enter,1,127,1177.49,576.16,0.9258
output.mp4,474636,474636,2287,0,Bactrocera dorsalis,enter,1,128,1104.51,597.49,0.874
output.mp4,475250,475250,2287,0,Bactrocera dorsalis,exit,-1,127,1048.86,657.01,0.9224
output.mp4,475439,475439,2287,0,Bactrocera dorsalis,enter,1,128,1039.38,684.99,0.9258
output.mp4,478990,478990,2295,0,Bactrocera dorsalis,enter,1,129,1130.81,861.95,0.9292
output.mp4,479622,479622,2295,0,Bactrocera dorsalis,exit,-1,128,1038.4,685.73,0.8633
output.mp4,479658,479658,2295,0,Bactrocera dorsalis,enter,1,129,1049.52,659.33,0.9053
output.mp4,480099,480099,2295,0,Bactrocera dorsalis,exit,-1,128,1036.28,693.74,0.8457
output.mp4,480102,480102,2295,0,Bactrocera dorsalis,enter,1,129,1037.39,692.48,0.9116
output.mp4,480104,480104,2295,0,Bactrocera dorsalis,exit,-1,128,1036.92,691.51,0.9019
output.mp4,480205,480205,2295,0,Bactrocera dorsalis,enter,1,129,1040.72,766.14,0.9302
output.mp4,483766,483766,2311,0,Bactrocera dorsalis,exit,-1,128,1048.63,654.19,0.8848
output.mp4,483776,483776,2311,0,Bactrocera dorsalis,enter,1,129,1058.47,644.02,0.5234
output.mp4,490022,490022,2329,0,Bactrocera dorsalis,enter,1,130,1037.05,749.65,0.9189
output.mp4,490034,490034,2329,0,Bactrocera dorsalis,exit,-1,129,1034.0,736.36,0.9458
output.mp4,490048,490048,2329,0,Bactrocera dorsalis,enter,1,130,1034.06,726.03,0.8896
output.mp4,490052,490052,2329,0,Bactrocera dorsalis,exit,-1,129,1033.58,728.78,0.7705
output.mp4,492751,492751,2334,0,Bactrocera dorsalis,enter,1,130,1152.5,578.3,0.9243
output.mp4,492805,492805,2334,0,Bactrocera dorsalis,exit,-1,129,1200.04,574.69,0.9448
output.mp4,492811,492811,2334,0,Bactrocera dorsalis,enter,1,130,1217.78,578.61,0.9429
output.mp4,493049,493049,2334,0,Bactrocera dorsalis,exit,-1,129,1220.58,869.48,0.9395
output.mp4,493052,493052,2334,0,Bactrocera dorsalis,enter,1,130,1219.74,868.66,0.939
output.mp4,493125,493125,2334,0,Bactrocera dorsalis,exit,-1,129,1237.59,864.11,0.9438
output.mp4,493353,493353,2335,0,Bactrocera dorsalis,enter,1,130,1269.19,846.53,0.936
output.mp4,493364,493364,2335,0,Bactrocera dorsalis,exit,-1,129,1240.55,864.4,0.937
output.mp4,493411,493411,2335,0,Bactrocera dorsalis,enter,1,130,1188.7,871.64,0.9346
output.mp4,493721,493721,2335,0,Bactrocera dorsalis,exit,-1,129,1276.18,603.04,0.9355
output.mp4,493929,493929,2337,0,Bactrocera dorsalis,enter,1,130,1316.54,781.43,0.9521
output.mp4,493997,493997,2335,0,Bactrocera dorsalis,enter,1,131,1094.78,604.73,0.8521
output.mp4,494012,494012,2335,0,Bactrocera dorsalis,exit,-1,130,1089.08,607.75,0.9004
output.mp4,494027,494027,2335,0,Bactrocera dorsalis,enter,1,131,1061.67,641.39,0.8823
output.mp4,494478,494478,2341,0,Bactrocera dorsalis,enter,1,132,1333.07,730.57,0.9287
output.mp4,494540,494540,2341,0,Bactrocera dorsalis,exit,-1,131,1332.84,701.59,0.9336
output.mp4,494603,494603,2341,0,Bactrocera dorsalis,enter,1,132,1276.13,607.49,0.9438
output.mp4,494649,494649,2341,0,Bactrocera dorsalis,exit,-1,131,1257.86,592.09,0.9351
output.mp4,498305,498305,2347,0,Bactrocera dorsalis,enter,1,132,1272.07,845.11,0.939
output.mp4,509689,509689,2386,0,Bactrocera dorsalis,enter,1,133,1228.36,582.16,0.9448
output.mp4,509702,509702,2386,0,Bactrocera dorsalis,exit,-1,132,1217.32,577.61,0.936
output.mp4,509791,509791,2386,0,Bactrocera dorsalis,enter,1,133,1099.55,600.42,0.8926
output.mp4,513704,513704,2391,0,Bactrocera dorsalis,enter,1,134,1323.08,669.74,0.9194
output.mp4,517097,517097,2415,0,Bactrocera dorsalis,enter,1,135,1320.7,770.59,0.9189
output.mp4,525258,525258,2420,0,Bactrocera dorsalis,enter,1,136,1318.16,762.15,0.9224
output.mp4,533479,533479,2433,0,Bactrocera dorsalis,enter,1,137,1314.92,655.01,0.957
output.mp4,533523,533523,2433,0,Bactrocera dorsalis,exit,-1,136,1318.71,803.07,0.9404
output.mp4,534014,534014,2433,0,Bactrocera dorsalis,enter,1,137,1328.98,721.33,0.9414
output.mp4,534793,534793,2428,0,Bactrocera dorsalis,enter,1,138,1102.88,597.98,0.9141
output.mp4,557624,557624,2447,0,Bactrocera dorsalis,enter,1,139,1101.42,846.99,0.939
output.mp4,560761,560761,2488,0,Bactrocera dorsalis,enter,1,140,1186.63,868.67,0.9473
output.mp4,560791,560791,2488,0,Bactrocera dorsalis,exit,-1,139,1166.79,562.6,0.9282
output.mp4,560809,560809,2488,0,Bactrocera dorsalis,enter,1,140,1108.48,598.37,0.9087
output.mp4,562208,562208,2493,0,Bactrocera dorsalis,enter,1,141,1102.43,598.35,0.9224
output.mp4,574443,574443,2518,0,Bactrocera dorsalis,enter,1,142,1066.2,633.56,0.9175
output.mp4,604390,604390,2525,0,Bactrocera dorsalis,enter,1,143,1075.01,622.31,0.9375
output.mp4,609341,609341,2530,0,Bactrocera dorsalis,enter,1,144,1085.42,611.69,0.9136
output.mp4,615039,615039,2565,0,Bactrocera dorsalis,enter,1,145,1206.91,869.45,0.937
output.mp4,617827,617827,2566,0,Bactrocera dorsalis,enter,1,146,1036.0,699.95,0.8511
output.mp4,617858,617858,2566,0,Bactrocera dorsalis,exit,-1,145,1055.56,645.66,0.8809
output.mp4,617861,617861,2566,0,Bactrocera dorsalis,enter,1,146,1064.25,634.28,0.9097
output.mp4,618677,618677,2571,0,Bactrocera dorsalis,enter,1,147,1074.41,624.5,0.8926
output.mp4,621971,621971,2588,0,Bactrocera dorsalis,enter,1,148,1072.69,629.39,0.9087
output.mp4,623792,623792,2595,0,Bactrocera dorsalis,enter,1,149,1270.41,602.25,0.9419
output.mp4,634389,634389,2597,0,Bactrocera dorsalis,enter,1,150,1320.89,674.71,0.9229
output.mp4,634862,634862,2597,0,Bactrocera dorsalis,exit,-1,149,1124.29,586.12,0.936
output.mp4,634964,634964,2597,0,Bactrocera dorsalis,enter,1,150,1035.34,726.24,0.9082
output.mp4,638153,638153,2603,0,Bactrocera dorsalis,enter,1,151,1047.22,782.76,0.9468
output.mp4,638412,638412,2603,0,Bactrocera dorsalis,exit,-1,150,1051.03,652.42,0.9419
output.mp4,638433,638433,2603,0,Bactrocera dorsalis,enter,1,151,1059.05,642.47,0.9194
output.mp4,638446,638446,2603,0,Bactrocera dorsalis,exit,-1,150,1060.68,638.51,0.9209
output.mp4,638449,638449,2603,0,Bactrocera dorsalis,enter,1,151,1062.01,637.01,0.9438
output.mp4,639016,639016,2620,0,Bactrocera dorsalis,enter,1,152,1177.29,868.85,0.9082
output.mp4,640122,640122,2625,0,Bactrocera dorsalis,enter,1,153,1124.96,586.41,0.9287
output.mp4,649018,649018,2627,0,Bactrocera dorsalis,enter,1,154,1043.9,772.5,0.9419
output.mp4,663722,663722,2629,0,Bactrocera dorsalis,enter,1,155,1068.28,630.19,0.9229
output.mp4,689761,689761,2636,0,Bactrocera dorsalis,enter,1,156,1036.25,699.36,0.8032
output.mp4,690609,690609,2640,0,Bactrocera dorsalis,enter,1,157,1038.25,751.07,0.9185
output.mp4,693269,693269,2648,0,Bactrocera dorsalis,enter,1,158,1092.8,605.24,0.916
output.mp4,693625,693625,2652,0,Bactrocera dorsalis,exit,-1,157,1040.22,679.95,0.9082
output.mp4,694280,694280,2652,0,Bactrocera dorsalis,enter,1,158,1052.51,653.57,0.9058
output.mp4,694861,694861,2661,0,Bactrocera dorsalis,exit,-1,157,1043.69,666.32,0.8984
output.mp4,694919,694919,2661,0,Bactrocera dorsalis,enter,1,158,1160.19,576.94,0.9229
output.mp4,694998,694998,2661,0,Bactrocera dorsalis,exit,-1,157,1234.9,870.76,0.9292
output.mp4,715560,715560,2669,0,Bactrocera dorsalis,enter,1,158,1104.71,598.28,0.9409
output.mp4,717451,717451,2677,0,Bactrocera dorsalis,enter,1,159,1034.75,716.27,0.9092
output.mp4,720581,720581,2680,0,Bactrocera dorsalis,enter,1,160,1037.43,694.58,0.9028
output.mp4,721056,721056,2681,0,Bactrocera dorsalis,enter,1,161,1051.32,656.54,0.9053
output.mp4,721168,721168,2680,0,Bactrocera dorsalis,exit,-1,160,1121.95,862.88,0.9258
output.mp4,721191,721191,2680,0,Bactrocera dorsalis,enter,1,161,1037.32,754.09,0.9277
output.mp4,728550,728550,2687,0,Bactrocera dorsalis,enter,1,162,1037.24,698.3,0.9072
output.mp4,728559,728559,2687,0,Bactrocera dorsalis,exit,-1,161,1034.72,696.04,0.9004
output.mp4,728582,728582,2687,0,Bactrocera dorsalis,enter,1,162,1035.1,708.67,0.9209
output.mp4,748280,748280,2692,0,Bactrocera dorsalis,enter,1,163,1315.14,759.37,0.938
output.mp4,770115,770115,2693,0,Bactrocera dorsalis,enter,1,164,1038.46,755.59,0.9302
output.mp4,770978,770978,2699,0,Bactrocera dorsalis,enter,1,165,1171.61,864.21,0.9277
output.mp4,770988,770988,2699,0,Bactrocera dorsalis,exit,-1,164,1333.44,710.58,0.937
output.mp4,771074,771074,2699,0,Bactrocera dorsalis,enter,1,165,1197.03,577.76,0.916
output.mp4,771343,771343,2703,0,Bactrocera dorsalis,exit,-1,164,1043.02,670.07,0.9141
output.mp4,771375,771375,2703,0,Bactrocera dorsalis,enter,1,165,1048.44,667.37,0.8589
output.mp4,787914,787914,2707,0,Bactrocera dorsalis,enter,1,166,1035.17,738.46,0.9248
output.mp4,788401,788401,2707,0,Bactrocera dorsalis,exit,-1,165,1034.08,736.0,0.9214
output.mp4,788460,788460,2707,0,Bactrocera dorsalis,enter,1,166,1062.3,638.54,0.939
output.mp4,788972,788972,2707,0,Bactrocera dorsalis,exit,-1,165,1050.26,653.96,0.895
output.mp4,788984,788984,2707,0,Bactrocera dorsalis,enter,1,166,1059.83,641.04,0.8706
output.mp4,789465,789465,2712,0,Bactrocera dorsalis,enter,1,167,1063.59,811.17,0.9404
output.mp4,789531,789531,2712,0,Bactrocera dorsalis,exit,-1,166,1040.95,770.41,0.939
output.mp4,789613,789613,2712,0,Bactrocera dorsalis,enter,1,167,1042.95,751.79,0.9238
output.mp4,789847,789847,2712,0,Bactrocera dorsalis,exit,-1,166,1284.61,609.96,0.9521
output.mp4,789936,789936,2712,0,Bactrocera dorsalis,enter,1,167,1088.17,838.76,0.9565
output.mp4,790717,790717,2712,0,Bactrocera dorsalis,exit,-1,166,1081.75,606.99,0.9229
output.mp4,790768,790768,2712,0,Bactrocera dorsalis,enter,1,167,1040.99,765.5,0.9258
output.mp4,791206,791206,2712,0,Bactrocera dorsalis,exit,-1,166,1167.39,570.46,0.9204
output.mp4,791244,791244,2712,0,Bactrocera dorsalis,enter,1,167,1069.23,635.23,0.9214
output.mp4,791491,791491,2720,0,Bactrocera dorsalis,exit,-1,166,1062.38,817.05,0.9409
output.mp4,791565,791565,2720,0,Bactrocera dorsalis,enter,1,167,1042.66,687.45,0.9067
output.mp4,791594,791594,2720,0,Bactrocera dorsalis,exit,-1,166,1056.42,644.83,0.9307
output.mp4,791660,791660,2720,0,Bactrocera dorsalis,enter,1,167,1127.62,585.64,0.9287
output.mp4,796181,796181,2728,0,Bactrocera dorsalis,enter,1,168,1038.18,755.76,0.9307
output.mp4,800309,800309,2733,0,Bactrocera dorsalis,enter,1,169,1038.12,699.85,0.9131
output.mp4,800374,800374,2739,0,Bactrocera dorsalis,enter,1,170,1290.39,823.09,0.8032
output.mp4,800417,800417,2732,0,Bactrocera dorsalis,enter,1,171,1078.02,626.33,0.9307
output.mp4,800772,800772,2739,0,Bactrocera dorsalis,exit,-1,170,1060.02,810.09,0.9453
output.mp4,800823,800823,2739,0,Bactrocera dorsalis,enter,1,171,1037.3,697.81,0.9072
output.mp4,805891,805891,2744,0,Bactrocera dorsalis,enter,1,172,1056.65,651.03,0.8652
output.mp4,806417,806417,2747,0,Bactrocera dorsalis,enter,1,173,1304.6,809.92,0.9258
output.mp4,806605,806605,2748,0,Bactrocera dorsalis,enter,1,174,1304.84,643.84,0.9058
output.mp4,806943,806943,2750,0,Bactrocera dorsalis,enter,1,175,1214.65,579.43,0.9365
output.mp4,817028,817028,2754,0,Bactrocera dorsalis,enter,1,176,1096.4,602.49,0.9106
output.mp4,818476,818476,2756,0,Bactrocera dorsalis,enter,1,177,1040.76,760.93,0.9365
output.mp4,818521,818521,2756,0,Bactrocera dorsalis,exit,-1,176,1043.22,785.26,0.9365
output.mp4,821409,821409,2756,0,Bactrocera dorsalis,enter,1,177,1124.32,861.5,0.9365
output.mp4,821573,821573,2756,0,Bactrocera dorsalis,exit,-1,176,1192.23,875.65,0.9419
output.mp4,822965,822965,2768,0,Bactrocera dorsalis,enter,1,177,1332.6,738.08,0.9517
output.mp4,823551,823551,2768,0,Bactrocera dorsalis,exit,-1,176,1310.94,804.71,0.9556
output.mp4,823553,823553,2768,0,Bactrocera dorsalis,enter,1,177,1310.67,804.0,0.9565
output.mp4,823564,823564,2768,0,Bactrocera dorsalis,exit,-1,176,1314.36,802.71,0.9341
output.mp4,826918,826918,2769,0,Bactrocera dorsalis,enter,1,177,1093.96,843.89,0.9419
output.mp4,826922,826922,2769,0,Bactrocera dorsalis,exit,-1,176,1092.04,844.45,0.9453
output.mp4,826954,826954,2769,0,Bactrocera dorsalis,enter,1,177,1075.1,825.84,0.9531
output.mp4,826997,826997,2769,0,Bactrocera dorsalis,exit,-1,176,1033.73,718.4,0.9219
output.mp4,827772,827772,2776,0,Bactrocera dorsalis,enter,1,177,1332.45,722.81,0.9478
output.mp4,827860,827860,2775,0,Bactrocera dorsalis,enter,1,178,1304.02,634.77,0.9419
output.mp4,827887,827887,2775,0,Bactrocera dorsalis,exit,-1,177,1297.63,625.82,0.9399
output.mp4,827889,827889,2775,0,Bactrocera dorsalis,enter,1,178,1297.06,625.5,0.9399
output.mp4,827890,827890,2775,0,Bactrocera dorsalis,exit,-1,177,1298.16,626.22,0.9443
output.mp4,827892,827892,2775,0,Bactrocera dorsalis,enter,1,178,1298.44,627.87,0.9419
output.mp4,831838,831838,2785,0,Bactrocera dorsalis,enter,1,179,1307.07,644.57,0.9414
output.mp4,832197,832197,2785,0,Bactrocera dorsalis,exit,-1,178,1337.98,712.84,0.9346
output.mp4,838319,838319,2785,0,Bactrocera dorsalis,enter,1,179,1118.48,858.06,0.9482
output.mp4,838397,838397,2785,0,Bactrocera dorsalis,exit,-1,178,1136.41,873.03,0.9438
output.mp4,839517,839517,2793,0,Bactrocera dorsalis,enter,1,179,1178.91,871.91,0.686
output.mp4,840801,840801,2800,0,Bactrocera dorsalis,enter,1,180,1075.21,622.49,0.9136
output.mp4,840802,840802,2795,0,Bactrocera dorsalis,enter,1,181,1079.05,623.55,0.8999
output.mp4,841052,841052,2801,0,Bactrocera dorsalis,enter,1,182,1053.1,655.81,0.8491
output.mp4,847318,847318,2811,0,Bactrocera dorsalis,enter,1,183,1161.69,577.32,0.9414
output.mp4,848179,848179,2811,0,Bactrocera dorsalis,exit,-1,182,1126.97,584.88,0.918
output.mp4,848185,848185,2811,0,Bactrocera dorsalis,enter,1,183,1125.4,586.64,0.9204
output.mp4,851418,851418,2817,0,Bactrocera dorsalis,enter,1,184,1104.32,597.31,0.9048
output.mp4,868029,868029,2818,0,Bactrocera dorsalis,enter,1,185,1040.67,682.91,0.8857
output.mp4,868872,868872,2823,0,Bactrocera dorsalis,enter,1,186,1262.64,841.99,0.9272
output.mp4,868938,868938,2819,0,Bactrocera dorsalis,enter,1,187,1150.11,579.49,0.9399
output.mp4,869146,869146,2819,0,Bactrocera dorsalis,exit,-1,186,1033.7,737.99,0.9136
output.mp4,869158,869158,2819,0,Bactrocera dorsalis,enter,1,187,1035.79,745.35,0.9106
output.mp4,869223,869223,2819,0,Bactrocera dorsalis,exit,-1,186,1034.08,716.44,0.8726
output.mp4,869321,869321,2819,0,Bactrocera dorsalis,enter,1,187,1100.55,602.76,0.895
output.mp4,869635,869635,2835,0,Bactrocera dorsalis,enter,1,188,1048.11,786.51,0.9399
output.mp4,869696,869696,2838,0,Bactrocera dorsalis,enter,1,189,1237.81,863.7,0.9419
output.mp4,869701,869701,2835,0,Bactrocera dorsalis,exit,-1,188,1032.54,738.12,0.9141
output.mp4,869723,869723,2838,0,Bactrocera dorsalis,exit,-1,187,1327.72,782.96,0.9453
output.mp4,869759,869759,2838,0,Bactrocera dorsalis,enter,1,188,1222.78,582.46,0.9517
output.mp4,869766,869766,2835,0,Bactrocera dorsalis,enter,1,189,1036.68,708.14,0.9287
output.mp4,870044,870044,2836,0,Bactrocera dorsalis,exit,-1,188,1200.0,876.61,0.9385
output.mp4,870252,870252,2836,0,Bactrocera dorsalis,enter,1,189,1041.68,680.81,0.8887
output.mp4,870281,870281,2836,0,Bactrocera dorsalis,exit,-1,188,1040.96,675.19,0.6704
output.mp4,870300,870300,2836,0,Bactrocera dorsalis,enter,1,189,1043.3,673.54,0.853
output.mp4,872292,872292,2844,0,Bactrocera dorsalis,enter,1,190,1327.14,687.75,0.9365
output.mp4,872345,872345,2845,0,Bactrocera dorsalis,enter,1,191,1298.99,629.02,0.9419
output.mp4,873499,873499,2848,0,Bactrocera dorsalis,enter,1,192,1325.42,682.34,0.9224
output.mp4,873521,873521,2850,0,Bactrocera dorsalis,enter,1,193,1075.69,826.73,0.9487
output.mp4,873567,873567,2848,0,Bactrocera dorsalis,exit,-1,192,1189.85,572.33,0.9414
output.mp4,873590,873590,2848,0,Bactrocera dorsalis,enter,1,193,1130.08,587.63,0.9268
output.mp4,873775,873775,2848,0,Bactrocera dorsalis,exit,-1,192,1110.44,592.18,0.9375
output.mp4,873795,873795,2853,0,Bactrocera dorsalis,enter,1,193,1046.88,783.95,0.9287
output.mp4,873800,873800,2848,0,Bactrocera dorsalis,enter,1,194,1093.01,608.05,0.7637
output.mp4,873964,873964,2848,0,Bactrocera dorsalis,exit,-1,193,1074.99,610.61,0.8887
output.mp4,874033,874033,2848,0,Bactrocera dorsalis,enter,1,194,1067.38,630.87,0.9253
output.mp4,874041,874041,2853,0,Bactrocera dorsalis,exit,-1,193,1205.66,572.97,0.9492
output.mp4,874261,874261,2853,0,Bactrocera dorsalis,enter,1,194,1111.44,594.4,0.918
output.mp4,878628,878628,2860,0,Bactrocera dorsalis,enter,1,195,1034.77,713.84,0.9346
output.mp4,882631,882631,2864,0,Bactrocera dorsalis,enter,1,196,1165.21,575.27,0.9507
output.mp4,886386,886386,2865,0,Bactrocera dorsalis,enter,1,197,1314.72,790.26,0.9468
output.mp4,886637,886637,2883,0,Bactrocera dorsalis,enter,1,198,1310.33,793.24,0.6406
output.mp4,886788,886788,2889,0,Bactrocera dorsalis,enter,1,199,1311.39,662.27,0.9419
output.mp4,887204,887204,2890,0,Bactrocera dorsalis,enter,1,200,1041.38,764.01,0.936
output.mp4,894741,894741,2896,0,Bactrocera dorsalis,enter,1,201,1272.54,603.29,0.9502
output.mp4,894745,894745,2896,0,Bactrocera dorsalis,exit,-1,200,1269.58,600.66,0.9468
output.mp4,894746,894746,2896,0,Bactrocera dorsalis,enter,1,201,1267.61,600.22,0.9434
output.mp4,898407,898407,2899,0,Bactrocera dorsalis,enter,1,202,1320.65,758.37,0.9492
output.mp4,898632,898632,2899,0,Bactrocera dorsalis,exit,-1,201,1033.49,729.16,0.9204
output.mp4,898732,898732,2899,0,Bactrocera dorsalis,enter,1,202,1047.37,662.75,0.915
output.mp4,899125,899125,2902,0,Bactrocera dorsalis,enter,1,203,1099.53,844.31,0.9292
output.mp4,899183,899183,2908,0,Bactrocera dorsalis,enter,1,204,1097.21,844.94,0.9429
output.mp4,899216,899216,2902,0,Bactrocera dorsalis,exit,-1,203,1253.34,590.69,0.9395
output.mp4,899432,899432,2902,0,Bactrocera dorsalis,enter,1,204,1087.16,610.72,0.8916
output.mp4,901276,901276,2915,0,Bactrocera dorsalis,enter,1,205,1244.93,856.7,0.9458
output.mp4,914463,914463,2918,0,Bactrocera dorsalis,enter,1,206,1326.82,767.66,0.9092
output.mp4,961685,961685,2925,0,Bactrocera dorsalis,enter,1,207,1039.96,765.71,0.938
output.mp4,961717,961717,2925,0,Bactrocera dorsalis,exit,-1,206,1035.78,747.44,0.9116
output.mp4,961743,961743,2924,0,Bactrocera dorsalis,enter,1,207,1089.42,608.1,0.8726
output.mp4,961743,961743,2925,0,Bactrocera dorsalis,enter,1,208,1041.39,685.89,0.8872
output.mp4,961745,961745,2925,0,Bactrocera dorsalis,exit,-1,207,1034.11,695.99,0.749
output.mp4,961752,961752,2925,0,Bactrocera dorsalis,enter,1,208,1037.94,702.64,0.8438
output.mp4,967884,967884,2932,0,Bactrocera dorsalis,enter,1,209,1302.69,802.31,0.9268
output.mp4,968215,968215,2932,0,Bactrocera dorsalis,exit,-1,208,1039.98,774.14,0.9458
output.mp4,968229,968229,2932,0,Bactrocera dorsalis,enter,1,209,1041.42,769.59,0.9419
output.mp4,968340,968340,2932,0,Bactrocera dorsalis,exit,-1,208,1033.3,715.25,0.9336
output.mp4,968412,968412,2932,0,Bactrocera dorsalis,enter,1,209,1036.86,694.87,0.9204
output.mp4,968419,968419,2932,0,Bactrocera dorsalis,exit,-1,208,1037.06,693.07,0.9136
output.mp4,968424,968424,2932,0,Bactrocera dorsalis,enter,1,209,1039.12,691.79,0.9116
output.mp4,990773,990773,2950,0,Bactrocera dorsalis,enter,1,210,1082.94,811.48,0.9219
output.mp4,992003,992003,2963,0,Bactrocera dorsalis,exit,-1,209,1034.3,735.39,0.9116
output.mp4,994031,994031,2970,0,Bactrocera dorsalis,enter,1,210,1319.28,740.96,0.9365
output.mp4,994046,994046,2972,0,Bactrocera dorsalis,enter,1,211,1333.92,721.04,0.9385
output.mp4,1023859,1023859,2976,0,Bactrocera dorsalis,enter,1,212,1270.74,840.01,0.9497
output.mp4,1033499,1033499,2980,0,Bactrocera dorsalis,enter,1,213,1272.14,844.88,0.9399
output.mp4,1034317,1034317,2982,0,Bactrocera dorsalis,enter,1,214,1315.68,661.99,0.9395
output.mp4,1034481,1034481,2982,0,Bactrocera dorsalis,exit,-1,213,1321.72,658.49,0.9321
output.mp4,1034934,1034934,2982,0,Bactrocera dorsalis,enter,1,214,1291.21,620.15,0.959
output.mp4,1035642,1035642,2982,0,Bactrocera dorsalis,exit,-1,213,1033.25,738.81,0.9189
output.mp4,1035709,1035709,2982,0,Bactrocera dorsalis,enter,1,214,1037.48,750.89,0.9165
output.mp4,1035740,1035740,2982,0,Bactrocera dorsalis,exit,-1,213,1049.41,798.11,0.9443
output.mp4,1035785,1035785,2982,0,Bactrocera dorsalis,enter,1,214,1328.69,694.6,0.9448
output.mp4,1038791,1038791,2987,0,Bactrocera dorsalis,enter,1,215,1333.56,716.61,0.9375
output.mp4,1038793,1038793,2987,0,Bactrocera dorsalis,exit,-1,214,1334.84,716.93,0.937
output.mp4,1038797,1038797,2987,0,Bactrocera dorsalis,enter,1,215,1333.5,716.24,0.938
output.mp4,1054346,1054346,2989,0,Bactrocera dorsalis,enter,1,216,1063.51,812.17,0.9443
output.mp4,1054846,1054846,2992,0,Bactrocera dorsalis,exit,-1,215,1059.1,640.32,0.9136
output.mp4,1054905,1054905,2992,0,Bactrocera dorsalis,enter,1,216,1115.85,591.37,0.8008
output.mp4,1054913,1054913,2992,0,Bactrocera dorsalis,exit,-1,215,1120.36,588.08,0.6279
output.mp4,1054916,1054916,2992,0,Bactrocera dorsalis,enter,1,216,1122.53,587.59,0.9336
output.mp4,1055085,1055085,2992,0,Bactrocera dorsalis,exit,-1,215,1294.03,618.06,0.9287
output.mp4,1056282,1056282,2999,0,Bactrocera dorsalis,enter,1,216,1058.98,641.27,0.8784
output.mp4,1059338,1059338,3001,0,Bactrocera dorsalis,enter,1,217,1314.54,786.75,0.9487
output.mp4,1063553,1063553,3007,0,Bactrocera dorsalis,enter,1,218,1051.3,660.37,0.8926
output.mp4,1066953,1066953,3008,0,Bactrocera dorsalis,enter,1,219,1190.73,577.19,0.9502
output.mp4,1067396,1067396,3010,0,Bactrocera dorsalis,exit,-1,218,1032.64,736.49,0.9038
output.mp4,1067474,1067474,3010,0,Bactrocera dorsalis,enter,1,219,1044.85,668.24,0.8975
output.mp4,1067626,1067626,3014,0,Bactrocera dorsalis,enter,1,220,1260.04,846.66,0.9341
output.mp4,1090563,1090563,3022,0,Bactrocera dorsalis,enter,1,221,1038.49,758.59,0.9219
output.mp4,1090566,1090566,3022,0,Bactrocera dorsalis,exit,-1,220,1037.41,756.66,0.9165
output.mp4,1090571,1090571,3022,0,Bactrocera dorsalis,enter,1,221,1037.77,756.99,0.915
output.mp4,1090573,1090573,3022,0,Bactrocera dorsalis,exit,-1,220,1037.44,756.99,0.918
output.mp4,1090575,1090575,3022,0,Bactrocera dorsalis,enter,1,221,1037.44,755.93,0.9307
output.mp4,1090696,1090696,3022,0,Bactrocera dorsalis,exit,-1,220,1047.79,659.4,0.9351
output.mp4,1090700,1090700,3022,0,Bactrocera dorsalis,enter,1,221,1051.64,654.9,0.936
output.mp4,1090701,1090701,3022,0,Bactrocera dorsalis,exit,-1,220,1053.83,649.27,0.936
output.mp4,1090714,1090714,3022,0,Bactrocera dorsalis,enter,1,221,1065.93,632.08,0.9395
output.mp4,1091009,1091009,3022,0,Bactrocera dorsalis,exit,-1,220,1084.04,836.38,0.938
output.mp4,1091012,1091012,3022,0,Bactrocera dorsalis,enter,1,221,1078.24,830.27,0.9507
output.mp4,1091117,1091117,3022,0,Bactrocera dorsalis,exit,-1,220,1040.97,674.07,0.9185
output.mp4,1091147,1091147,3022,0,Bactrocera dorsalis,enter,1,221,1067.7,630.48,0.9263
output.mp4,1093578,1093578,3035,0,Bactrocera dorsalis,enter,1,222,1043.2,676.07,0.8911
output.mp4,1098015,1098015,3047,0,Bactrocera dorsalis,enter,1,223,1174.19,869.23,0.9551
output.mp4,1098324,1098324,3047,0,Bactrocera dorsalis,exit,-1,222,1045.44,785.43,0.9409
output.mp4,1098386,1098386,3047,0,Bactrocera dorsalis,enter,1,223,1204.06,577.53,0.9443
output.mp4,1098562,1098562,3050,0,Bactrocera dorsalis,enter,1,224,1053.74,650.15,0.8784
output.mp4,1098578,1098578,3047,0,Bactrocera dorsalis,exit,-1,223,1052.84,811.81,0.9316
output.mp4,1098915,1098915,3047,0,Bactrocera dorsalis,enter,1,224,1058.86,641.4,0.8931
output.mp4,1099121,1099121,3047,0,Bactrocera dorsalis,exit,-1,223,1046.0,663.29,0.9033
output.mp4,1099135,1099135,3047,0,Bactrocera dorsalis,enter,1,224,1049.6,658.98,0.9019
output.mp4,1099143,1099143,3047,0,Bactrocera dorsalis,exit,-1,223,1049.11,658.22,0.9053
output.mp4,1099145,1099145,3047,0,Bactrocera dorsalis,enter,1,224,1049.26,658.28,0.9038
output.mp4,1099171,1099171,3047,0,Bactrocera dorsalis,exit,-1,223,1049.22,652.98,0.9155
output.mp4,1099184,1099184,3056,0,Bactrocera dorsalis,exit,-1,222,1054.78,629.98,0.8848
output.mp4,1099187,1099187,3056,0,Bactrocera dorsalis,enter,1,223,1066.07,637.58,0.855
output.mp4,1099274,1099274,3047,0,Bactrocera dorsalis,enter,1,224,1243.21,588.39,0.7842
output.mp4,1099369,1099369,3047,0,Bactrocera dorsalis,exit,-1,223,1045.16,786.3,0.9365
output.mp4,1099412,1099412,3055,0,Bactrocera dorsalis,exit,-1,222,1084.27,604.2,0.8872
output.mp4,1099458,1099458,3055,0,Bactrocera dorsalis,enter,1,223,1036.54,697.66,0.897
output.mp4,1100535,1100535,3066,0,Bactrocera dorsalis,enter,1,224,1304.86,643.88,0.9331
output.mp4,1152715,1152715,3080,0,Bactrocera dorsalis,enter,1,225,1104.27,843.45,0.918
output.mp4,1152848,1152848,3097,0,Bactrocera dorsalis,enter,1,226,1307.27,638.74,0.9272
output.mp4,1154226,1154226,3101,0,Bactrocera dorsalis,enter,1,227,1077.81,618.63,0.6943
output.mp4,1194171,1194171,3117,0,Bactrocera dorsalis,enter,1,228,1042.93,770.42,0.9487
output.mp4,1229584,1229584,3119,0,Bactrocera dorsalis,enter,1,229,1323.22,778.42,0.9258
output.mp4,1237948,1237948,3122,0,Bactrocera dorsalis,enter,1,230,1155.02,576.91,0.9438
output.mp4,1238066,1238066,3122,0,Bactrocera dorsalis,exit,-1,229,1149.5,575.58,0.9419
output.mp4,1238553,1238553,3122,0,Bactrocera dorsalis,enter,1,230,1231.01,582.51,0.9419
output.mp4,1238686,1238686,3122,0,Bactrocera dorsalis,exit,-1,229,1158.0,572.56,0.9272
output.mp4,1238807,1238807,3122,0,Bactrocera dorsalis,enter,1,230,1085.83,610.76,0.9092
output.mp4,1238886,1238886,3122,0,Bactrocera dorsalis,exit,-1,229,1059.2,638.81,0.9419
output.mp4,1245475,1245475,3132,0,Bactrocera dorsalis,enter,1,230,1321.37,698.07,0.9189
output.mp4,1245545,1245545,3132,0,Bactrocera dorsalis,exit,-1,229,1090.45,844.86,0.8818
output.mp4,1245695,1245695,3130,0,Bactrocera dorsalis,enter,1,230,1186.83,574.47,0.9482
output.mp4,1245701,1245701,3132,0,Bactrocera dorsalis,enter,1,231,1043.64,675.8,0.8706
output.mp4,1245739,1245739,3132,0,Bactrocera dorsalis,exit,-1,230,1038.6,681.6,0.918
output.mp4,1245788,1245788,3132,0,Bactrocera dorsalis,enter,1,231,1036.98,696.79,0.8105
output.mp4,1246629,1246629,3132,0,Bactrocera dorsalis,exit,-1,230,1120.63,586.98,0.9053
output.mp4,1246652,1246652,3132,0,Bactrocera dorsalis,enter,1,231,1231.18,585.42,0.9258
output.mp4,1246694,1246694,3132,0,Bactrocera dorsalis,exit,-1,230,1097.66,856.21,0.9321
output.mp4,1246769,1246769,3132,0,Bactrocera dorsalis,enter,1,231,1143.15,856.59,0.9395
output.mp4,1294813,1294813,3146,0,Bactrocera dorsalis,exit,-1,230,1039.82,682.54,0.9219
output.mp4,1294855,1294855,3146,0,Bactrocera dorsalis,enter,1,231,1084.83,614.49,0.915
output.mp4,1294973,1294973,3146,0,Bactrocera dorsalis,exit,-1,230,1100.79,598.84,0.9165
output.mp4,1294978,1294978,3146,0,Bactrocera dorsalis,enter,1,231,1098.31,601.15,0.9243
output.mp4,1298701,1298701,3157,0,Bactrocera dorsalis,enter,1,232,1036.34,745.72,0.9375
output.mp4,1299461,1299461,3159,0,Bactrocera dorsalis,enter,1,233,1206.39,865.58,0.9468
output.mp4,1346622,1346622,3167,0,Bactrocera dorsalis,enter,1,234,1332.56,710.14,0.9351
output.mp4,1346932,1346932,3167,0,Bactrocera dorsalis,exit,-1,233,1036.94,757.24,0.918
output.mp4,1346994,1346994,3167,0,Bactrocera dorsalis,enter,1,234,1037.11,712.17,0.8896
output.mp4,1347147,1347147,3168,0,Bactrocera dorsalis,enter,1,235,1319.15,773.01,0.9321
output.mp4,1347244,1347244,3168,0,Bactrocera dorsalis,exit,-1,234,1113.61,857.27,0.9209
output.mp4,1347447,1347447,3168,0,Bactrocera dorsalis,enter,1,235,1044.18,670.34,0.876
output.mp4,1398481,1398481,3170,0,Bactrocera dorsalis,enter,1,236,1280.24,829.34,0.936
output.mp4,1406514,1406514,3188,0,Bactrocera dorsalis,enter,1,237,1034.14,723.0,0.9165
output.mp4,1446622,1446622,3207,0,Bactrocera dorsalis,enter,1,238,1323.58,691.59,0.9268
output.mp4,1467842,1467842,3208,0,Bactrocera dorsalis,enter,1,239,1325.44,751.27,0.9409
output.mp4,1468524,1468524,3208,0,Bactrocera dorsalis,exit,-1,238,1043.67,666.67,0.9336
output.mp4,1474159,1474159,3218,0,Bactrocera dorsalis,enter,1,239,1079.82,619.72,0.8276
output.mp4,1489713,1489713,3220,0,Bactrocera dorsalis,enter,1,240,1064.08,637.95,0.9087
output.mp4,1489739,1489739,3220,0,Bactrocera dorsalis,exit,-1,239,1076.98,617.94,0.9272
output.mp4,1489814,1489814,3220,0,Bactrocera dorsalis,enter,1,240,1131.07,584.4,0.9326
output.mp4,1498480,1498480,3227,0,Bactrocera dorsalis,enter,1,241,1097.61,838.65,0.9517
output.mp4,1510064,1510064,3231,0,Bactrocera dorsalis,enter,1,242,1283.31,632.27,0.9448
output.mp4,1510533,1510533,3231,0,Bactrocera dorsalis,exit,-1,241,1183.9,564.78,0.9277
output.mp4,1510575,1510575,3231,0,Bactrocera dorsalis,enter,1,242,1214.8,578.88,0.9419
output.mp4,1510906,1510906,3231,0,Bactrocera dorsalis,exit,-1,241,1299.04,821.38,0.9448
output.mp4,1510912,1510912,3231,0,Bactrocera dorsalis,enter,1,242,1284.84,834.16,0.939
output.mp4,1512474,1512474,3236,0,Bactrocera dorsalis,exit,-1,241,1059.53,815.66,0.9468
output.mp4,1512505,1512505,3239,0,Bactrocera dorsalis,enter,1,242,1054.7,799.51,0.9482
output.mp4,1513672,1513672,3245,0,Bactrocera dorsalis,enter,1,243,1037.57,695.27,0.9019
output.mp4,1513834,1513834,3245,0,Bactrocera dorsalis,exit,-1,242,1041.37,677.16,0.853
output.mp4,1513993,1513993,3245,0,Bactrocera dorsalis,enter,1,243,1042.69,769.32,0.9414
output.mp4,1514146,1514146,3245,0,Bactrocera dorsalis,exit,-1,242,1057.89,642.35,0.897
output.mp4,1514162,1514162,3245,0,Bactrocera dorsalis,enter,1,243,1058.72,644.24,0.9053
output.mp4,1514175,1514175,3245,0,Bactrocera dorsalis,exit,-1,242,1055.89,645.65,0.9243
output.mp4,1514177,1514177,3245,0,Bactrocera dorsalis,enter,1,243,1055.91,645.96,0.9268
output.mp4,1515904,1515904,3245,0,Bactrocera dorsalis,exit,-1,242,1058.94,640.32,0.895
output.mp4,1515927,1515927,3245,0,Bactrocera dorsalis,enter,1,243,1061.51,641.17,0.915
output.mp4,1517595,1517595,3245,0,Bactrocera dorsalis,exit,-1,242,1033.83,730.79,0.9131
output.mp4,1517763,1517763,3245,0,Bactrocera dorsalis,enter,1,243,1034.51,736.25,0.9053
output.mp4,1517899,1517899,3245,0,Bactrocera dorsalis,exit,-1,242,1033.72,711.63,0.8843
output.mp4,1518289,1518289,3245,0,Bactrocera dorsalis,enter,1,243,1042.0,771.93,0.9365
output.mp4,1518490,1518490,3262,0,Bactrocera dorsalis,enter,1,244,1268.33,841.27,0.9355
output.mp4,1518675,1518675,3273,0,Bactrocera dorsalis,enter,1,245,1314.64,661.57,0.9419
output.mp4,1518681,1518681,3262,0,Bactrocera dorsalis,exit,-1,244,1098.1,599.96,0.9268
output.mp4,1518727,1518727,3262,0,Bactrocera dorsalis,enter,1,245,1065.81,632.24,0.9106
output.mp4,1518728,1518728,3262,0,Bactrocera dorsalis,exit,-1,244,1065.49,631.99,0.7446
output.mp4,1518729,1518729,3262,0,Bactrocera dorsalis,enter,1,245,1065.06,633.23,0.9277
output.mp4,1518786,1518786,3273,0,Bactrocera dorsalis,exit,-1,244,1033.23,712.78,0.9355
output.mp4,1518896,1518896,3262,0,Bactrocera dorsalis,exit,-1,243,1093.48,598.69,0.9155
output.mp4,1518899,1518899,3273,0,Bactrocera dorsalis,enter,1,244,1120.42,858.27,0.937
output.mp4,1518926,1518926,3273,0,Bactrocera dorsalis,exit,-1,243,1293.19,619.0,0.936
output.mp4,1518933,1518933,3262,0,Bactrocera dorsalis,enter,1,244,1035.57,711.08,0.9136
output.mp4,1519058,1519058,3273,0,Bactrocera dorsalis,enter,1,245,1076.97,621.35,0.9014
output.mp4,1520265,1520265,3283,0,Bactrocera dorsalis,exit,-1,244,1055.14,646.81,0.8774
output.mp4,1520266,1520266,3283,0,Bactrocera dorsalis,enter,1,245,1054.02,649.43,0.874
output.mp4,1520267,1520267,3283,0,Bactrocera dorsalis,exit,-1,244,1051.77,651.72,0.8696
output.mp4,1520270,1520270,3283,0,Bactrocera dorsalis,enter,1,245,1052.84,652.52,0.8789
output.mp4,1538941,1538941,3300,0,Bactrocera dorsalis,enter,1,246,1207.98,871.86,0.936
output.mp4,1538944,1538944,3300,0,Bactrocera dorsalis,exit,-1,245,1208.02,872.36,0.936
output.mp4,1538955,1538955,3300,0,Bactrocera dorsalis,enter,1,246,1214.66,870.31,0.9448
