video,video_frame,global_frame,track_id,logical_track_id,cls_id,class_name,detected_cls_id,voted_cls_id,direction,delta,count_after,center_x,center_y,conf,stitched,stitch_gap_frames,event_reason,recovery_mode,occupancy_token_id,recovered_from_logical_id,recovery_score,recovery_track_class_id,recovery_class_match
output.mp4,1808,1808,3,3,0,Bactrocera dorsalis,0,0,enter,1,1,1311.63,750.4,0.9263,0,0,tracked_enter,,1,,,,
output.mp4,1875,1875,3,3,0,Bactrocera dorsalis,0,0,exit,-1,0,1198.93,555.07,0.9443,0,0,tracked_exit,,1,3,,,
output.mp4,2426,2426,22,12,0,Bactrocera dorsalis,0,0,enter,1,1,1184.66,589.1,0.9487,0,0,tracked_enter,,2,,,,
output.mp4,2447,2447,22,12,0,Bactrocera dorsalis,0,0,exit,-1,0,1112.73,572.33,0.937,0,0,tracked_exit,,2,12,,,
output.mp4,2690,2690,22,12,0,Bactrocera dorsalis,0,0,enter,1,1,1161.24,592.21,0.937,0,0,tracked_enter,,3,,,,
output.mp4,2791,2791,29,16,0,Bactrocera dorsalis,0,0,enter,1,2,1251.17,836.55,0.938,0,0,tracked_enter,,4,,,,
output.mp4,2808,2808,22,12,0,Bactrocera dorsalis,0,0,exit,-1,1,1028.97,661.04,0.9419,0,0,tracked_exit,,3,12,,,
output.mp4,2851,2851,29,16,0,Bactrocera dorsalis,0,0,exit,-1,0,1095.87,582.56,0.9209,0,0,tracked_exit,,4,16,,,
output.mp4,2958,2958,11,8,0,Bactrocera dorsalis,0,0,enter,1,1,1243.22,606.21,0.9409,0,0,tracked_enter,,5,,,,
output.mp4,3164,3164,11,8,0,Bactrocera dorsalis,0,0,exit,-1,0,1231.49,883.83,0.9219,0,0,tracked_exit,,5,8,,,
output.mp4,3218,3218,51,23,0,Bactrocera dorsalis,0,0,enter,1,1,1085.09,809.15,0.9443,0,0,tracked_enter,,6,,,,
output.mp4,3237,3237,51,23,0,Bactrocera dorsalis,0,0,exit,-1,0,1205.92,893.13,0.9404,0,0,tracked_exit,,6,23,,,
output.mp4,4496,4496,75,33,0,Bactrocera dorsalis,0,0,enter,1,1,1304.32,755.63,0.9321,0,0,tracked_enter,,7,,,,
output.mp4,4689,4689,75,33,0,Bactrocera dorsalis,0,0,exit,-1,0,1310.49,837.04,0.9219,0,0,tracked_exit,,7,33,,,
output.mp4,4821,4821,91,14,0,Bactrocera dorsalis,0,0,enter,1,1,1308.36,775.0,0.9277,1,2,tracked_enter,,8,,,,
output.mp4,4884,4884,78,34,0,Bactrocera dorsalis,0,0,enter,1,2,1233.07,603.02,0.915,0,0,tracked_enter,,9,,,,
output.mp4,4944,4944,66,30,0,Bactrocera dorsalis,0,0,enter,1,3,1314.26,723.47,0.9521,0,0,tracked_enter,,10,,,,
output.mp4,4989,4989,78,34,0,Bactrocera dorsalis,0,0,exit,-1,2,1017.38,709.67,0.916,0,0,tracked_exit,,9,34,,,
output.mp4,5005,5005,66,30,0,Bactrocera dorsalis,0,0,exit,-1,1,1162.44,554.24,0.9395,0,0,tracked_exit,,10,30,,,
output.mp4,5090,5090,91,14,0,Bactrocera dorsalis,0,0,exit,-1,0,1056.4,616.21,0.9194,1,2,tracked_exit,,8,14,,,
output.mp4,5817,5817,114,43,0,Bactrocera dorsalis,0,0,enter,1,1,1175.84,853.47,0.9316,1,6,tracked_enter,,11,,,,
output.mp4,5847,5847,114,43,0,Bactrocera dorsalis,0,0,exit,-1,0,1315.21,831.02,0.9326,1,6,tracked_exit,,11,43,,,
output.mp4,6560,6560,125,47,0,Bactrocera dorsalis,0,0,enter,1,1,1272.64,808.85,0.9448,0,0,tracked_enter,,12,,,,
output.mp4,6661,6661,125,47,0,Bactrocera dorsalis,0,0,exit,-1,0,1037.72,643.47,0.9263,0,0,tracked_exit,,12,47,,,
output.mp4,6811,6811,139,51,0,Bactrocera dorsalis,0,0,enter,1,1,1050.27,706.23,0.9087,0,0,tracked_enter,,13,,,,
output.mp4,6890,6890,139,51,0,Bactrocera dorsalis,0,0,exit,-1,0,1352.86,718.34,0.9111,0,0,tracked_exit,,13,51,,,
output.mp4,9652,9652,182,30,0,Bactrocera dorsalis,0,0,enter,1,1,1198.7,593.86,0.9395,1,24,tracked_enter,,14,,,,
output.mp4,15784,15784,190,69,0,Bactrocera dorsalis,0,0,enter,1,2,1298.58,780.42,0.938,1,12,tracked_enter,,15,,,,
output.mp4,15872,15872,190,69,0,Bactrocera dorsalis,0,0,exit,-1,1,1177.27,892.49,0.9048,1,12,tracked_exit,,15,69,,,
output.mp4,15930,15930,190,69,0,Bactrocera dorsalis,0,0,enter,1,2,1100.16,813.59,0.9219,1,12,tracked_enter,,16,,,,
output.mp4,18456,18456,305,121,0,Bactrocera dorsalis,0,0,enter,1,3,1249.35,611.07,0.9414,0,0,tracked_enter,,17,,,,
output.mp4,19367,19367,313,126,0,Bactrocera dorsalis,0,0,enter,1,4,1266.76,823.04,0.9419,0,0,tracked_enter,,18,,,,
output.mp4,19732,19732,313,126,0,Bactrocera dorsalis,0,0,exit,-1,3,1020.25,744.95,0.9409,0,0,tracked_exit,,18,126,,,
output.mp4,20105,20105,328,131,0,Bactrocera dorsalis,0,0,enter,1,4,1310.96,769.28,0.9375,0,0,tracked_enter,,19,,,,
output.mp4,20143,20143,328,131,0,Bactrocera dorsalis,0,0,exit,-1,3,1064.5,841.89,0.9414,0,0,tracked_exit,,19,131,,,
output.mp4,20888,20888,313,126,0,Bactrocera dorsalis,0,0,enter,1,4,1057.68,678.63,0.8789,0,0,tracked_enter,,20,,,,
output.mp4,21835,21835,328,131,0,Bactrocera dorsalis,0,0,enter,1,5,1143.33,851.47,0.9365,0,0,tracked_enter,,21,,,,
output.mp4,21843,21843,328,131,0,Bactrocera dorsalis,0,0,exit,-1,4,1055.83,844.29,0.9272,0,0,tracked_exit,,21,131,,,
output.mp4,21945,21945,382,149,0,Bactrocera dorsalis,0,0,enter,1,5,1305.4,766.7,0.9502,0,0,tracked_enter,,22,,,,
output.mp4,22877,22877,387,151,0,Bactrocera dorsalis,0,0,enter,1,6,1164.28,857.0,0.9492,0,0,tracked_enter,,23,,,,
output.mp4,23172,23172,387,151,0,Bactrocera dorsalis,0,0,exit,-1,5,1218.16,891.41,0.9521,0,0,tracked_exit,,23,151,,,
output.mp4,23613,23613,328,131,0,Bactrocera dorsalis,0,0,enter,1,6,1312.26,728.77,0.9365,0,0,tracked_enter,,24,,,,
output.mp4,24215,24215,387,151,0,Bactrocera dorsalis,0,0,enter,1,7,1313.92,744.54,0.9277,0,0,tracked_enter,,25,,,,
output.mp4,24236,24236,429,167,0,Bactrocera dorsalis,0,0,enter,1,8,1303.01,675.78,0.9414,0,0,tracked_enter,,26,,,,
output.mp4,24527,24527,439,170,0,Bactrocera dorsalis,0,0,enter,1,9,1306.33,758.93,0.9346,0,0,tracked_enter,,27,,,,
output.mp4,24598,24598,439,170,0,Bactrocera dorsalis,0,0,exit,-1,8,1047.11,821.43,0.939,0,0,tracked_exit,,27,170,,,
output.mp4,24659,24659,439,170,0,Bactrocera dorsalis,0,0,enter,1,9,1058.11,677.5,0.9067,0,0,tracked_enter,,28,,,,
output.mp4,25473,25473,463,178,0,Bactrocera dorsalis,0,0,enter,1,10,1205.82,592.65,0.9302,0,0,tracked_enter,,29,,,,
output.mp4,25566,25566,463,178,0,Bactrocera dorsalis,0,0,exit,-1,9,1291.62,852.01,0.939,0,0,tracked_exit,,29,178,,,
output.mp4,25653,25653,453,173,0,Bactrocera dorsalis,0,0,enter,1,10,1269.06,619.68,0.9468,0,0,tracked_enter,,30,,,,
output.mp4,27454,27454,517,203,0,Bactrocera dorsalis,0,0,enter,1,11,1310.66,699.38,0.9424,0,0,tracked_enter,,31,,,,
output.mp4,27477,27477,517,203,0,Bactrocera dorsalis,0,0,exit,-1,10,1170.53,893.25,0.9492,0,0,tracked_exit,,31,203,,,
output.mp4,28318,28318,541,215,0,Bactrocera dorsalis,0,0,enter,1,11,1284.0,813.45,0.9292,0,0,tracked_enter,,32,,,,
output.mp4,28384,28384,541,215,0,Bactrocera dorsalis,0,0,exit,-1,10,1092.47,582.4,0.9277,0,0,tracked_exit,,32,215,,,
output.mp4,28797,28797,566,224,0,Bactrocera dorsalis,0,0,enter,1,11,1176.32,853.84,0.9253,0,0,tracked_enter,,33,,,,
output.mp4,28930,28930,587,231,0,Bactrocera dorsalis,0,0,enter,1,12,1243.75,841.96,0.9214,1,4,tracked_enter,,34,,,,
output.mp4,29246,29246,587,231,0,Bactrocera dorsalis,0,0,exit,-1,11,1025.62,673.84,0.937,1,4,tracked_exit,,34,231,,,
output.mp4,29467,29467,609,237,0,Bactrocera dorsalis,0,0,enter,1,12,1240.12,602.56,0.9209,0,0,tracked_enter,,35,,,,
output.mp4,29548,29548,609,237,0,Bactrocera dorsalis,0,0,exit,-1,11,1214.54,560.94,0.9268,0,0,tracked_exit,,35,237,,,
output.mp4,29616,29616,609,237,0,Bactrocera dorsalis,0,0,enter,1,12,1147.96,596.03,0.9214,0,0,tracked_enter,,36,,,,
output.mp4,29659,29659,609,237,0,Bactrocera dorsalis,0,0,exit,-1,11,1078.41,595.91,0.9316,0,0,tracked_exit,,36,237,,,
output.mp4,29768,29768,612,239,0,Bactrocera dorsalis,0,0,enter,1,12,1303.8,772.25,0.936,0,0,tracked_enter,,37,,,,
output.mp4,30098,30098,609,237,0,Bactrocera dorsalis,0,0,enter,1,13,1057.99,771.76,0.8926,0,0,tracked_enter,,38,,,,
output.mp4,30221,30221,609,237,0,Bactrocera dorsalis,0,0,exit,-1,12,1173.93,892.79,0.9321,0,0,tracked_exit,,38,237,,,
output.mp4,30895,30895,609,237,0,Bactrocera dorsalis,0,0,enter,1,13,1277.98,814.94,0.9204,0,0,tracked_enter,,39,,,,
output.mp4,31012,31012,609,237,0,Bactrocera dorsalis,0,0,exit,-1,12,1176.21,558.99,0.8809,0,0,tracked_exit,,39,237,,,
output.mp4,31102,31102,609,237,0,Bactrocera dorsalis,0,0,enter,1,13,1148.61,595.81,0.9224,0,0,tracked_enter,,40,,,,
output.mp4,31143,31143,640,253,0,Bactrocera dorsalis,0,0,enter,1,14,1257.78,612.16,0.9424,0,0,tracked_enter,,41,,,,
output.mp4,31165,31165,640,253,0,Bactrocera dorsalis,0,0,exit,-1,13,1263.34,576.95,0.9287,0,0,tracked_exit,,41,253,,,
output.mp4,31406,31406,640,253,0,Bactrocera dorsalis,0,0,enter,1,14,1087.18,631.06,0.9258,0,0,tracked_enter,,42,,,,
output.mp4,31843,31843,609,237,0,Bactrocera dorsalis,0,0,exit,-1,13,1072.09,600.41,0.9268,0,0,tracked_exit,,40,237,,,
output.mp4,31907,31907,657,261,0,Bactrocera dorsalis,0,0,enter,1,14,1312.18,692.29,0.9404,0,0,tracked_enter,,43,,,,
output.mp4,32013,32013,657,261,0,Bactrocera dorsalis,0,0,exit,-1,13,1155.78,558.99,0.9258,0,0,tracked_exit,,43,261,,,
output.mp4,32031,32031,658,262,0,Bactrocera dorsalis,0,0,enter,1,14,1289.49,798.58,0.9341,0,0,tracked_enter,,44,,,,
output.mp4,32204,32204,658,262,0,Bactrocera dorsalis,0,0,exit,-1,13,1053.92,827.53,0.9448,0,0,tracked_exit,,44,262,,,
output.mp4,32396,32396,670,265,0,Bactrocera dorsalis,0,0,enter,1,14,1294.94,650.01,0.9434,0,0,tracked_enter,,45,,,,
output.mp4,32558,32558,670,265,0,Bactrocera dorsalis,0,0,exit,-1,13,1039.27,804.51,0.9502,0,0,tracked_exit,,45,265,,,
output.mp4,32642,32642,670,265,0,Bactrocera dorsalis,0,0,enter,1,14,1050.39,738.39,0.8066,0,0,tracked_enter,,46,,,,
output.mp4,33467,33467,710,281,0,Bactrocera dorsalis,0,0,enter,1,15,1263.86,828.44,0.9385,0,0,tracked_enter,,47,,,,
output.mp4,33568,33568,710,281,0,Bactrocera dorsalis,0,0,exit,-1,14,1206.85,558.82,0.9395,0,0,tracked_exit,,47,281,,,
output.mp4,33688,33688,710,281,0,Bactrocera dorsalis,0,0,enter,1,15,1171.28,589.93,0.9448,0,0,tracked_enter,,48,,,,
output.mp4,33704,33704,710,281,0,Bactrocera dorsalis,0,0,exit,-1,14,1079.2,595.14,0.9424,0,0,tracked_exit,,48,281,,,
output.mp4,33779,33779,710,281,0,Bactrocera dorsalis,0,0,enter,1,15,1054.79,690.11,0.9287,0,0,tracked_enter,,49,,,,
output.mp4,33864,33864,710,281,0,Bactrocera dorsalis,0,0,exit,-1,14,1048.82,829.0,0.9468,0,0,tracked_exit,,49,281,,,
output.mp4,34302,34302,756,295,0,Bactrocera dorsalis,0,0,enter,1,15,1304.24,663.36,0.9302,0,0,tracked_enter,,50,,,,
output.mp4,34829,34829,756,295,0,Bactrocera dorsalis,0,0,exit,-1,14,1017.1,711.48,0.9375,0,0,tracked_exit,,50,295,,,
output.mp4,36213,36213,759,296,0,Bactrocera dorsalis,0,0,enter,1,15,1312.09,683.08,0.9468,0,0,tracked_enter,,51,,,,
output.mp4,36422,36422,753,294,0,Bactrocera dorsalis,0,0,enter,1,16,1153.4,852.28,0.9429,0,0,tracked_enter,,52,,,,
output.mp4,38754,38754,861,322,0,Bactrocera dorsalis,0,0,enter,1,17,1108.82,835.9,0.9365,0,0,tracked_enter,,53,,,,
output.mp4,39017,39017,864,325,0,Bactrocera dorsalis,0,0,enter,1,18,1306.17,684.89,0.9404,0,0,tracked_enter,,54,,,,
output.mp4,39126,39126,864,325,0,Bactrocera dorsalis,0,0,exit,-1,17,1287.71,857.43,0.937,0,0,tracked_exit,,54,325,,,
output.mp4,39741,39741,874,330,0,Bactrocera dorsalis,0,0,enter,1,18,1270.56,824.95,0.9248,0,0,tracked_enter,,55,,,,
output.mp4,39779,39779,861,322,0,Bactrocera dorsalis,0,0,exit,-1,17,1021.67,673.55,0.8882,0,0,tracked_exit,,53,322,,,
output.mp4,40314,40314,882,335,0,Bactrocera dorsalis,0,0,enter,1,18,1238.93,843.64,0.9258,0,0,tracked_enter,,56,,,,
output.mp4,40352,40352,881,334,0,Bactrocera dorsalis,0,0,enter,1,19,1313.28,693.34,0.9531,0,0,tracked_enter,,57,,,,
output.mp4,40352,40352,882,335,0,Bactrocera dorsalis,0,0,exit,-1,18,1028.5,787.24,0.9395,0,0,tracked_exit,,56,335,,,
output.mp4,40508,40508,882,335,0,Bactrocera dorsalis,0,0,enter,1,19,1087.41,633.7,0.9209,0,0,tracked_enter,,58,,,,
output.mp4,40519,40519,881,334,0,Bactrocera dorsalis,0,0,exit,-1,18,1029.78,794.25,0.9502,0,0,tracked_exit,,57,334,,,
output.mp4,40821,40821,897,340,0,Bactrocera dorsalis,0,0,enter,1,19,1113.94,835.89,0.9468,0,0,tracked_enter,,59,,,,
output.mp4,40850,40850,895,339,0,Bactrocera dorsalis,0,0,enter,1,20,1312.62,756.29,0.9434,0,0,tracked_enter,,60,,,,
output.mp4,40886,40886,895,339,0,Bactrocera dorsalis,0,0,exit,-1,19,1318.6,825.66,0.9419,0,0,tracked_exit,,60,339,,,
output.mp4,40997,40997,882,335,0,Bactrocera dorsalis,0,0,exit,-1,18,1099.82,579.96,0.9248,0,0,tracked_exit,,58,335,,,
output.mp4,41066,41066,882,335,0,Bactrocera dorsalis,0,0,enter,1,19,1070.35,651.23,0.8862,0,0,tracked_enter,,61,,,,
output.mp4,41584,41584,920,352,0,Bactrocera dorsalis,0,0,enter,1,20,1313.96,688.1,0.9399,0,0,tracked_enter,,62,,,,
output.mp4,41584,41584,882,335,0,Bactrocera dorsalis,0,0,exit,-1,19,1022.84,764.15,0.9453,0,0,tracked_exit,,61,335,,,
output.mp4,41676,41676,882,335,0,Bactrocera dorsalis,0,0,enter,1,20,1105.6,614.84,0.9175,0,0,tracked_enter,,63,,,,
output.mp4,41702,41702,920,352,0,Bactrocera dorsalis,0,0,exit,-1,19,1040.73,807.57,0.9429,0,0,tracked_exit,,62,352,,,
output.mp4,41912,41912,920,352,0,Bactrocera dorsalis,0,0,enter,1,20,1053.63,691.85,0.9263,0,0,tracked_enter,,64,,,,
output.mp4,42222,42222,938,364,0,Bactrocera dorsalis,0,0,enter,1,21,1259.6,828.47,0.9331,0,0,tracked_enter,,65,,,,
output.mp4,42719,42719,933,360,0,Bactrocera dorsalis,0,0,enter,1,22,1315.35,717.34,0.9312,0,0,tracked_enter,,66,,,,
output.mp4,43699,43699,971,379,0,Bactrocera dorsalis,0,0,enter,1,23,1316.1,710.3,0.9238,0,0,tracked_enter,,67,,,,
output.mp4,44467,44467,977,382,0,Bactrocera dorsalis,0,0,enter,1,24,1312.21,750.52,0.9189,0,0,tracked_enter,,68,,,,
output.mp4,45247,45247,992,387,0,Bactrocera dorsalis,0,0,enter,1,25,1305.66,688.78,0.9316,0,0,tracked_enter,,69,,,,
output.mp4,45548,45548,993,388,0,Bactrocera dorsalis,0,0,enter,1,26,1296.97,795.58,0.937,0,0,tracked_enter,,70,,,,
output.mp4,45705,45705,999,390,0,Bactrocera dorsalis,0,0,enter,1,27,1231.18,846.47,0.9263,0,0,tracked_enter,,71,,,,
output.mp4,45713,45713,993,388,0,Bactrocera dorsalis,0,0,exit,-1,26,1331.26,647.87,0.9316,0,0,tracked_exit,,70,388,,,
output.mp4,45773,45773,999,390,0,Bactrocera dorsalis,0,0,exit,-1,25,1212.32,886.61,0.9136,0,0,tracked_exit,,71,390,,,
output.mp4,46770,46770,1011,398,0,Bactrocera dorsalis,0,0,enter,1,26,1225.17,598.97,0.9438,0,0,tracked_enter,,72,,,,
output.mp4,46836,46836,1011,398,0,Bactrocera dorsalis,0,0,exit,-1,25,1032.18,657.66,0.9375,0,0,tracked_exit,,72,398,,,
output.mp4,46927,46927,1011,398,0,Bactrocera dorsalis,0,0,enter,1,26,1053.22,728.34,0.9365,0,0,tracked_enter,,73,,,,
output.mp4,47139,47139,1013,400,0,Bactrocera dorsalis,0,0,enter,1,27,1286.81,810.87,0.9385,0,0,tracked_enter,,74,,,,
output.mp4,47228,47228,1013,400,0,Bactrocera dorsalis,0,0,exit,-1,26,1200.27,555.14,0.9409,0,0,tracked_exit,,74,400,,,
output.mp4,49300,49300,1039,412,0,Bactrocera dorsalis,0,0,enter,1,27,1315.43,704.0,0.9336,0,0,tracked_enter,,75,,,,
output.mp4,49543,49543,1039,412,0,Bactrocera dorsalis,0,0,exit,-1,26,1194.87,558.55,0.9282,0,0,tracked_exit,,75,412,,,
output.mp4,49996,49996,1039,412,0,Bactrocera dorsalis,0,0,enter,1,27,1199.23,856.63,0.9268,0,0,tracked_enter,,76,,,,
output.mp4,50079,50079,991,386,0,Bactrocera dorsalis,0,0,enter,1,28,1290.95,805.98,0.9429,0,0,tracked_enter,,77,,,,
output.mp4,50081,50081,1039,412,0,Bactrocera dorsalis,0,0,exit,-1,27,1168.67,556.11,0.9316,0,0,tracked_exit,,76,412,,,
output.mp4,50483,50483,1055,418,0,Bactrocera dorsalis,0,0,enter,1,28,1207.5,591.63,0.9453,0,0,tracked_enter,,78,,,,
output.mp4,50562,50562,1055,418,0,Bactrocera dorsalis,0,0,exit,-1,27,1205.05,559.71,0.9355,0,0,tracked_exit,,78,418,,,
output.mp4,50725,50725,991,386,0,Bactrocera dorsalis,0,0,exit,-1,26,1022.72,768.2,0.9512,0,0,tracked_exit,,77,386,,,
output.mp4,50758,50758,1055,418,0,Bactrocera dorsalis,0,0,enter,1,27,1160.52,591.32,0.9321,0,0,tracked_enter,,79,,,,
output.mp4,52656,52656,991,386,0,Bactrocera dorsalis,0,0,enter,1,28,1055.05,687.84,0.875,0,0,tracked_enter,,80,,,,
output.mp4,54717,54717,1094,438,0,Bactrocera dorsalis,0,0,enter,1,29,1302.28,662.62,0.9453,0,0,tracked_enter,,81,,,,
output.mp4,54842,54842,1094,438,0,Bactrocera dorsalis,0,0,exit,-1,28,1201.11,555.85,0.9248,0,0,tracked_exit,,81,438,,,
output.mp4,55677,55677,1101,442,0,Bactrocera dorsalis,0,0,enter,1,29,1104.86,831.77,0.9336,0,0,tracked_enter,,82,,,,
output.mp4,58877,58877,1132,456,0,Bactrocera dorsalis,0,0,enter,1,30,1317.94,710.37,0.9365,0,0,tracked_enter,,83,,,,
output.mp4,62253,62253,1145,466,0,Bactrocera dorsalis,0,0,enter,1,31,1216.97,853.74,0.9419,0,0,tracked_enter,,84,,,,
output.mp4,62270,62270,1145,466,0,Bactrocera dorsalis,0,0,exit,-1,30,1070.7,848.33,0.9341,0,0,tracked_exit,,84,466,,,
output.mp4,62963,62963,1149,468,0,Bactrocera dorsalis,0,0,enter,1,31,1318.04,733.84,0.9473,0,0,tracked_enter,,85,,,,
output.mp4,63127,63127,1154,469,0,Bactrocera dorsalis,0,0,enter,1,32,1182.32,590.11,0.9189,0,0,tracked_enter,,86,,,,
output.mp4,63685,63685,1161,474,0,Bactrocera dorsalis,0,0,enter,1,33,1306.94,765.56,0.9419,0,0,tracked_enter,,87,,,,
output.mp4,63732,63732,1154,469,0,Bactrocera dorsalis,0,0,exit,-1,32,1019.04,715.54,0.939,0,0,tracked_exit,,86,469,,,
output.mp4,63994,63994,1154,469,0,Bactrocera dorsalis,0,0,enter,1,33,1051.99,751.67,0.916,0,0,tracked_enter,,88,,,,
output.mp4,64588,64588,1172,483,0,Bactrocera dorsalis,0,0,enter,1,34,1269.74,826.05,0.9287,0,0,tracked_enter,,89,,,,
output.mp4,65236,65236,1187,494,0,Bactrocera dorsalis,0,0,enter,1,35,1135.47,602.41,0.9355,0,0,tracked_enter,,90,,,,
output.mp4,65361,65361,1192,496,0,Bactrocera dorsalis,0,0,enter,1,36,1312.69,715.13,0.9487,0,0,tracked_enter,,91,,,,
output.mp4,65373,65373,1187,494,0,Bactrocera dorsalis,0,0,exit,-1,35,1232.72,883.39,0.9639,0,0,tracked_exit,,90,494,,,
output.mp4,65507,65507,1192,496,0,Bactrocera dorsalis,0,0,exit,-1,34,1031.97,798.59,0.939,0,0,tracked_exit,,91,496,,,
output.mp4,65649,65649,1183,491,0,Bactrocera dorsalis,0,0,enter,1,35,1261.42,831.88,0.9404,0,0,tracked_enter,,92,,,,
output.mp4,65675,65675,1188,495,0,Bactrocera dorsalis,0,0,enter,1,36,1311.68,687.3,0.9497,0,0,tracked_enter,,93,,,,
output.mp4,66095,66095,1201,500,0,Bactrocera dorsalis,0,0,enter,1,37,1108.57,835.82,0.9341,0,0,tracked_enter,,94,,,,
output.mp4,66180,66180,1188,495,0,Bactrocera dorsalis,0,0,exit,-1,36,1266.91,869.71,0.9385,0,0,tracked_exit,,93,495,,,
output.mp4,66351,66351,1193,497,0,Bactrocera dorsalis,0,0,enter,1,37,1066.13,666.41,0.8887,0,0,tracked_enter,,95,,,,
output.mp4,67062,67062,1210,503,0,Bactrocera dorsalis,0,0,enter,1,38,1291.45,805.36,0.937,0,0,tracked_enter,,96,,,,
output.mp4,67156,67156,1210,503,0,Bactrocera dorsalis,0,0,exit,-1,37,1021.38,764.06,0.9048,0,0,tracked_exit,,96,503,,,
output.mp4,67236,67236,1210,503,0,Bactrocera dorsalis,0,0,enter,1,38,1115.23,609.78,0.9292,0,0,tracked_enter,,97,,,,
output.mp4,67441,67441,1208,502,0,Bactrocera dorsalis,0,0,enter,1,39,1289.46,800.49,0.9443,0,0,tracked_enter,,98,,,,
output.mp4,67456,67456,1220,508,0,Bactrocera dorsalis,0,0,enter,1,40,1302.42,669.82,0.938,0,0,tracked_enter,,99,,,,
output.mp4,67462,67462,1208,502,0,Bactrocera dorsalis,0,0,exit,-1,39,1263.64,871.18,0.9209,0,0,tracked_exit,,98,502,,,
output.mp4,67483,67483,1220,508,0,Bactrocera dorsalis,0,0,exit,-1,38,1146.31,562.66,0.9512,0,0,tracked_exit,,99,508,,,
output.mp4,67603,67603,1215,507,0,Bactrocera dorsalis,0,0,enter,1,39,1292.5,645.78,0.9614,0,0,tracked_enter,,100,,,,
output.mp4,67651,67651,1212,505,0,Bactrocera dorsalis,0,0,exit,-1,38,1019.03,745.99,0.9185,0,0,recovered_exit,inner_start,68,382,0.9244464063574511,0,1
output.mp4,67739,67739,1215,507,0,Bactrocera dorsalis,0,0,exit,-1,37,1063.4,611.19,0.9287,0,0,tracked_exit,,100,507,,,
output.mp4,67839,67839,1212,505,0,Bactrocera dorsalis,0,0,enter,1,38,1050.51,731.9,0.8501,0,0,tracked_enter,,101,,,,
output.mp4,67877,67877,1215,507,0,Bactrocera dorsalis,0,0,enter,1,39,1073.2,647.23,0.8896,0,0,tracked_enter,,102,,,,
output.mp4,69465,69465,1261,521,0,Bactrocera dorsalis,0,0,enter,1,40,1088.34,816.26,0.9292,0,0,tracked_enter,,103,,,,
output.mp4,71602,71602,1273,525,0,Bactrocera dorsalis,0,0,enter,1,41,1195.87,852.34,0.9468,0,0,tracked_enter,,104,,,,
output.mp4,71645,71645,1273,525,0,Bactrocera dorsalis,0,0,exit,-1,40,1076.03,849.16,0.9448,0,0,tracked_exit,,104,525,,,
output.mp4,72369,72369,1277,527,0,Bactrocera dorsalis,0,0,enter,1,41,1243.55,606.44,0.9141,0,0,tracked_enter,,105,,,,
output.mp4,72404,72404,1277,527,0,Bactrocera dorsalis,0,0,exit,-1,40,1246.49,565.79,0.9248,0,0,tracked_exit,,105,527,,,
output.mp4,74077,74077,1274,526,0,Bactrocera dorsalis,0,0,enter,1,41,1216.33,593.33,0.9497,0,0,tracked_enter,,106,,,,
output.mp4,74111,74111,1274,526,0,Bactrocera dorsalis,0,0,exit,-1,40,1205.5,560.12,0.9331,0,0,tracked_exit,,106,526,,,
output.mp4,74858,74858,1285,531,0,Bactrocera dorsalis,0,0,enter,1,41,1312.35,692.54,0.9341,0,0,tracked_enter,,107,,,,
output.mp4,75012,75012,1285,531,0,Bactrocera dorsalis,0,0,exit,-1,40,1347.81,747.86,0.9419,0,0,tracked_exit,,107,531,,,
output.mp4,75420,75420,1282,529,0,Bactrocera dorsalis,0,0,enter,1,41,1271.41,623.53,0.9414,0,0,tracked_enter,,108,,,,
output.mp4,75595,75595,1282,529,0,Bactrocera dorsalis,0,0,exit,-1,40,1068.76,602.62,0.897,0,0,tracked_exit,,108,529,,,
output.mp4,77947,77947,1298,540,0,Bactrocera dorsalis,0,0,enter,1,41,1091.76,625.73,0.8481,0,0,tracked_enter,,109,,,,
output.mp4,80739,80739,1320,546,0,Bactrocera dorsalis,0,0,enter,1,42,1282.03,633.23,0.9473,0,0,tracked_enter,,110,,,,
output.mp4,80753,80753,1320,546,0,Bactrocera dorsalis,0,0,exit,-1,41,1222.84,560.49,0.9478,0,0,tracked_exit,,110,546,,,
output.mp4,81806,81806,1323,547,0,Bactrocera dorsalis,0,0,enter,1,42,1296.04,794.07,0.9106,0,0,tracked_enter,,111,,,,
output.mp4,85633,85633,1332,550,0,Bactrocera dorsalis,0,0,enter,1,43,1309.45,760.38,0.9287,0,0,tracked_enter,,112,,,,
output.mp4,86061,86061,1339,553,0,Bactrocera dorsalis,0,0,enter,1,44,1260.3,616.68,0.9399,0,0,tracked_enter,,113,,,,
output.mp4,86281,86281,1339,553,0,Bactrocera dorsalis,0,0,exit,-1,43,1330.99,639.47,0.9512,0,0,tracked_exit,,113,553,,,
output.mp4,86950,86950,1339,553,0,Bactrocera dorsalis,0,0,enter,1,44,1168.96,590.93,0.9502,0,0,tracked_enter,,114,,,,
output.mp4,92963,92963,1367,564,0,Bactrocera dorsalis,0,0,enter,1,45,1289.57,647.65,0.9609,0,0,tracked_enter,,115,,,,
output.mp4,94884,94884,1373,567,0,Bactrocera dorsalis,0,0,enter,1,46,1316.14,728.32,0.9355,0,0,tracked_enter,,116,,,,
output.mp4,94940,94940,1373,567,0,Bactrocera dorsalis,0,0,exit,-1,45,1084.29,588.82,0.4609,0,0,tracked_exit,,116,567,,,
output.mp4,95013,95013,1373,567,0,Bactrocera dorsalis,0,0,enter,1,46,1051.83,698.7,0.8975,0,0,tracked_enter,,117,,,,
output.mp4,98819,98819,1390,578,0,Bactrocera dorsalis,0,0,enter,1,47,1181.09,589.25,0.9404,0,0,tracked_enter,,118,,,,
output.mp4,100600,100600,1393,579,0,Bactrocera dorsalis,0,0,exit,-1,46,1181.16,557.02,0.9399,0,0,recovered_exit,inner_start,65,364,0.9749256745314245,0,1
output.mp4,101835,101835,1401,583,0,Bactrocera dorsalis,0,0,exit,-1,45,1119.07,571.8,0.9185,0,0,recovered_exit,inner_start,17,121,0.9317714440672886,0,1
output.mp4,101920,101920,1401,583,0,Bactrocera dorsalis,0,0,enter,1,46,1083.6,637.6,0.9165,0,0,tracked_enter,,119,,,,
output.mp4,102561,102561,1403,584,0,Bactrocera dorsalis,0,0,enter,1,47,1205.04,857.15,0.9438,0,0,tracked_enter,,120,,,,
output.mp4,102585,102585,1408,585,0,Bactrocera dorsalis,0,0,enter,1,48,1110.77,611.34,0.897,0,0,tracked_enter,,121,,,,
output.mp4,102716,102716,1403,584,0,Bactrocera dorsalis,0,0,exit,-1,47,1348.53,754.06,0.9248,0,0,tracked_exit,,120,584,,,
output.mp4,111633,111633,1422,593,0,Bactrocera dorsalis,0,0,enter,1,48,1281.65,630.88,0.9473,0,0,tracked_enter,,122,,,,
output.mp4,117096,117096,1442,603,0,Bactrocera dorsalis,0,0,enter,1,49,1063.8,663.27,0.9219,0,0,tracked_enter,,123,,,,
output.mp4,117290,117290,1443,604,0,Bactrocera dorsalis,0,0,enter,1,50,1297.27,660.51,0.9414,0,0,tracked_enter,,124,,,,
output.mp4,117324,117324,1446,604,0,Bactrocera dorsalis,0,0,exit,-1,49,1359.9,637.02,0.916,1,2,tracked_exit,,124,604,,,
output.mp4,117673,117673,1449,605,0,Bactrocera dorsalis,0,0,enter,1,50,1312.7,692.88,0.9375,0,0,tracked_enter,,125,,,,
output.mp4,124548,124548,1462,613,0,Bactrocera dorsalis,0,0,enter,1,51,1304.69,670.32,0.9463,0,0,tracked_enter,,126,,,,
output.mp4,124785,124785,1462,613,0,Bactrocera dorsalis,0,0,exit,-1,50,1331.99,800.4,0.9473,0,0,tracked_exit,,126,613,,,
output.mp4,126194,126194,1466,615,0,Bactrocera dorsalis,0,0,enter,1,51,1293.97,648.75,0.9253,0,0,tracked_enter,,127,,,,
output.mp4,126472,126472,1462,613,0,Bactrocera dorsalis,0,0,enter,1,52,1057.89,704.31,0.8032,0,0,tracked_enter,,128,,,,
output.mp4,127247,127247,1468,616,0,Bactrocera dorsalis,0,0,enter,1,53,1188.12,590.05,0.9478,0,0,tracked_enter,,129,,,,
output.mp4,128937,128937,1476,619,0,Bactrocera dorsalis,0,0,enter,1,54,1056.68,680.42,0.8999,0,0,tracked_enter,,130,,,,
output.mp4,137070,137070,1480,621,0,Bactrocera dorsalis,0,0,enter,1,55,1307.35,674.87,0.9556,0,0,tracked_enter,,131,,,,
output.mp4,138880,138880,1486,624,0,Bactrocera dorsalis,0,0,enter,1,56,1309.41,676.88,0.9136,0,0,tracked_enter,,132,,,,
output.mp4,138922,138922,1490,625,0,Bactrocera dorsalis,0,0,exit,-1,55,1028.51,784.63,0.8965,0,0,recovered_exit,inner_start,132,624,0.9554379739803791,0,1
output.mp4,139715,139715,1496,626,0,Bactrocera dorsalis,0,0,enter,1,56,1152.19,853.82,0.9312,0,0,tracked_enter,,133,,,,
output.mp4,139779,139779,1496,626,0,Bactrocera dorsalis,0,0,exit,-1,55,1040.71,813.82,0.9395,0,0,tracked_exit,,133,626,,,
output.mp4,143266,143266,1503,631,0,Bactrocera dorsalis,0,0,enter,1,56,1167.13,857.44,0.938,0,0,tracked_enter,,134,,,,
output.mp4,143386,143386,1503,631,0,Bactrocera dorsalis,0,0,exit,-1,55,1126.84,880.29,0.9497,0,0,tracked_exit,,134,631,,,
output.mp4,143981,143981,1503,631,0,Bactrocera dorsalis,0,0,enter,1,56,1051.18,744.81,0.9258,0,0,tracked_enter,,135,,,,
output.mp4,144502,144502,1507,633,0,Bactrocera dorsalis,0,0,enter,1,57,1247.58,608.2,0.9321,0,0,tracked_enter,,136,,,,
output.mp4,144562,144562,1503,631,0,Bactrocera dorsalis,0,0,exit,-1,56,1089.02,863.55,0.9565,0,0,tracked_exit,,135,631,,,
output.mp4,144562,144562,1507,633,0,Bactrocera dorsalis,0,0,exit,-1,55,1052.55,624.05,0.9448,0,0,tracked_exit,,136,633,,,
output.mp4,144749,144749,1507,633,0,Bactrocera dorsalis,0,0,enter,1,56,1058.42,675.02,0.9014,0,0,tracked_enter,,137,,,,
output.mp4,145055,145055,1506,632,0,Bactrocera dorsalis,0,0,enter,1,57,1198.52,589.81,0.9443,0,0,tracked_enter,,138,,,,
output.mp4,146958,146958,1522,635,0,Bactrocera dorsalis,0,0,enter,1,58,1303.8,687.65,0.9434,0,0,tracked_enter,,139,,,,
output.mp4,148512,148512,1539,640,0,Bactrocera dorsalis,0,0,enter,1,59,1218.42,596.06,0.9502,0,0,tracked_enter,,140,,,,
output.mp4,148966,148966,1544,642,0,Bactrocera dorsalis,0,0,enter,1,60,1308.38,704.17,0.9072,0,0,tracked_enter,,141,,,,
output.mp4,149058,149058,1544,642,0,Bactrocera dorsalis,0,0,exit,-1,59,1077.55,595.65,0.918,0,0,tracked_exit,,141,642,,,
output.mp4,150041,150041,1544,642,0,Bactrocera dorsalis,0,0,enter,1,60,1051.59,699.03,0.8633,0,0,tracked_enter,,142,,,,
output.mp4,154940,154940,1550,646,0,Bactrocera dorsalis,0,0,enter,1,61,1304.04,713.92,0.9331,0,0,tracked_enter,,143,,,,
output.mp4,155115,155115,1550,646,0,Bactrocera dorsalis,0,0,exit,-1,60,1018.99,713.58,0.9448,0,0,tracked_exit,,143,646,,,
output.mp4,159232,159232,1553,648,0,Bactrocera dorsalis,0,0,exit,-1,59,1017.3,749.52,0.9443,0,0,recovered_exit,inner_start,139,635,0.9213608748410411,0,1
output.mp4,159773,159773,1553,648,0,Bactrocera dorsalis,0,0,enter,1,60,1064.25,663.72,0.8857,0,0,tracked_enter,,144,,,,
output.mp4,160502,160502,1554,649,0,Bactrocera dorsalis,0,0,enter,1,61,1312.46,733.66,0.9453,0,0,tracked_enter,,145,,,,
output.mp4,160664,160664,1556,650,0,Bactrocera dorsalis,0,0,enter,1,62,1317.03,725.14,0.9507,0,0,tracked_enter,,146,,,,
output.mp4,161202,161202,1564,653,0,Bactrocera dorsalis,0,0,enter,1,63,1305.24,777.21,0.9312,0,0,tracked_enter,,147,,,,
output.mp4,161648,161648,1561,651,0,Bactrocera dorsalis,0,0,enter,1,64,1143.59,595.64,0.9253,0,0,tracked_enter,,148,,,,
output.mp4,161769,161769,1561,651,0,Bactrocera dorsalis,0,0,exit,-1,63,1051.0,626.22,0.9136,0,0,tracked_exit,,148,651,,,
output.mp4,161958,161958,1561,651,0,Bactrocera dorsalis,0,0,enter,1,64,1064.48,670.98,0.8682,0,0,tracked_enter,,149,,,,
output.mp4,163580,163580,1570,655,0,Bactrocera dorsalis,0,0,enter,1,65,1312.89,737.53,0.9492,0,0,tracked_enter,,150,,,,
output.mp4,163818,163818,1570,655,0,Bactrocera dorsalis,0,0,exit,-1,64,1066.43,844.14,0.9351,0,0,tracked_exit,,150,655,,,
output.mp4,167427,167427,1581,658,0,Bactrocera dorsalis,0,0,enter,1,65,1243.02,845.24,0.9258,0,0,tracked_enter,,151,,,,
output.mp4,175567,175567,1591,663,0,Bactrocera dorsalis,0,0,enter,1,66,1305.99,763.89,0.854,0,0,tracked_enter,,152,,,,
output.mp4,180797,180797,1595,666,0,Bactrocera dorsalis,0,0,enter,1,67,1301.27,662.55,0.9448,0,0,tracked_enter,,153,,,,
output.mp4,196727,196727,1608,672,0,Bactrocera dorsalis,0,0,enter,1,68,1282.4,814.54,0.9419,0,0,tracked_enter,,154,,,,
output.mp4,198791,198791,1615,676,0,Bactrocera dorsalis,0,0,enter,1,69,1049.72,736.48,0.9238,0,0,tracked_enter,,155,,,,
output.mp4,201019,201019,1618,678,0,Bactrocera dorsalis,0,0,enter,1,70,1270.6,826.74,0.9443,0,0,tracked_enter,,156,,,,
output.mp4,202882,202882,1616,677,0,Bactrocera dorsalis,0,0,enter,1,71,1200.25,593.31,0.9336,0,0,tracked_enter,,157,,,,
output.mp4,203350,203350,1626,679,0,Bactrocera dorsalis,0,0,enter,1,72,1318.29,731.04,0.9268,0,0,tracked_enter,,158,,,,
output.mp4,203364,203364,1626,679,0,Bactrocera dorsalis,0,0,exit,-1,71,1263.61,576.92,0.9092,0,0,tracked_exit,,158,679,,,
output.mp4,204169,204169,1642,681,0,Bactrocera dorsalis,0,0,enter,1,72,1053.78,726.88,0.8999,0,0,tracked_enter,,159,,,,
output.mp4,204287,204287,1651,684,0,Bactrocera dorsalis,0,0,enter,1,73,1166.41,853.26,0.9521,0,0,tracked_enter,,160,,,,
output.mp4,206147,206147,1714,700,0,Bactrocera dorsalis,0,0,enter,1,74,1054.83,686.82,0.8706,0,0,tracked_enter,,161,,,,
output.mp4,206148,206148,1687,698,0,Bactrocera dorsalis,0,0,enter,1,75,1151.54,594.65,0.915,0,0,tracked_enter,,162,,,,
output.mp4,207012,207012,1684,693,0,Bactrocera dorsalis,0,0,enter,1,76,1053.93,691.02,0.8672,1,2,tracked_enter,,163,,,,
output.mp4,217221,217221,1766,728,0,Bactrocera dorsalis,0,0,enter,1,77,1064.92,660.89,0.9072,0,0,tracked_enter,,164,,,,
output.mp4,218219,218219,1770,729,0,Bactrocera dorsalis,0,0,exit,-1,76,1094.7,865.44,0.9272,1,2,recovered_exit,inner_start,26,167,0.9129867410930066,0,1
output.mp4,219372,219372,1773,730,0,Bactrocera dorsalis,0,0,enter,1,77,1314.78,740.2,0.9482,0,0,tracked_enter,,165,,,,
output.mp4,227001,227001,1790,741,0,Bactrocera dorsalis,0,0,enter,1,78,1253.1,608.66,0.9434,0,0,tracked_enter,,166,,,,
output.mp4,233940,233940,1815,748,0,Bactrocera dorsalis,0,0,enter,1,79,1215.63,847.67,0.936,0,0,tracked_enter,,167,,,,
output.mp4,233981,233981,1815,748,0,Bactrocera dorsalis,0,0,exit,-1,78,1135.82,562.44,0.9438,0,0,tracked_exit,,167,748,,,
output.mp4,234178,234178,1822,748,0,Bactrocera dorsalis,0,0,enter,1,79,1131.37,599.95,0.9312,1,2,tracked_enter,,168,,,,
output.mp4,236712,236712,1835,756,0,Bactrocera dorsalis,0,0,enter,1,80,1275.42,637.59,0.9209,0,0,tracked_enter,,169,,,,
output.mp4,236739,236739,1835,756,0,Bactrocera dorsalis,0,0,exit,-1,79,1078.22,595.46,0.9087,0,0,tracked_exit,,169,756,,,
output.mp4,237047,237047,1835,756,0,Bactrocera dorsalis,0,0,enter,1,80,1050.53,723.32,0.8926,0,0,tracked_enter,,170,,,,
output.mp4,238398,238398,1885,765,0,Bactrocera dorsalis,0,0,enter,1,81,1138.43,604.46,0.9067,0,0,tracked_enter,,171,,,,
output.mp4,238677,238677,1892,768,0,Bactrocera dorsalis,0,0,enter,1,82,1286.16,637.45,0.9326,0,0,tracked_enter,,172,,,,
output.mp4,241478,241478,1905,773,0,Bactrocera dorsalis,0,0,enter,1,83,1136.19,842.18,0.9497,0,0,tracked_enter,,173,,,,
output.mp4,249778,249778,1908,774,0,Bactrocera dorsalis,0,0,enter,1,84,1313.92,688.43,0.9336,0,0,tracked_enter,,174,,,,
output.mp4,249787,249787,1908,774,0,Bactrocera dorsalis,0,0,exit,-1,83,1349.7,769.85,0.9336,0,0,tracked_exit,,174,774,,,
output.mp4,250202,250202,1908,774,0,Bactrocera dorsalis,0,0,enter,1,84,1191.02,589.35,0.9287,0,0,tracked_enter,,175,,,,
output.mp4,250273,250273,1908,774,0,Bactrocera dorsalis,0,0,exit,-1,83,1191.52,891.07,0.9419,0,0,tracked_exit,,175,774,,,
output.mp4,250435,250435,1908,774,0,Bactrocera dorsalis,0,0,enter,1,84,1301.44,657.72,0.9429,0,0,tracked_enter,,176,,,,
output.mp4,255755,255755,1933,782,0,Bactrocera dorsalis,0,0,enter,1,85,1115.95,837.22,0.9253,0,0,tracked_enter,,177,,,,
output.mp4,257689,257689,1938,785,0,Bactrocera dorsalis,0,0,enter,1,86,1069.34,794.04,0.939,0,0,tracked_enter,,178,,,,
output.mp4,272268,272268,1946,788,0,Bactrocera dorsalis,0,0,enter,1,87,1283.23,633.79,0.9443,1,20,tracked_enter,,179,,,,
output.mp4,272309,272309,1946,788,0,Bactrocera dorsalis,0,0,exit,-1,86,1349.14,719.14,0.9531,1,20,tracked_exit,,179,788,,,
output.mp4,280283,280283,1951,790,0,Bactrocera dorsalis,0,0,enter,1,87,1308.17,679.92,0.9521,0,0,tracked_enter,,180,,,,
output.mp4,283664,283664,1977,798,0,Bactrocera dorsalis,0,0,enter,1,88,1247.19,613.12,0.8965,0,0,tracked_enter,,181,,,,
output.mp4,284012,284012,1978,799,0,Bactrocera dorsalis,0,0,enter,1,89,1193.43,856.08,0.9468,0,0,tracked_enter,,182,,,,
output.mp4,284478,284478,1981,802,0,Bactrocera dorsalis,0,0,enter,1,90,1300.85,658.6,0.9438,0,0,tracked_enter,,183,,,,
output.mp4,290579,290579,2002,811,0,Bactrocera dorsalis,0,0,enter,1,91,1316.93,728.6,0.9258,0,0,tracked_enter,,184,,,,
output.mp4,309969,309969,2003,812,0,Bactrocera dorsalis,0,0,enter,1,92,1313.56,749.61,0.9316,0,0,tracked_enter,,185,,,,
output.mp4,316955,316955,2006,814,0,Bactrocera dorsalis,0,0,enter,1,93,1304.57,680.87,0.9473,0,0,tracked_enter,,186,,,,
output.mp4,317033,317033,2013,816,0,Bactrocera dorsalis,0,0,enter,1,94,1313.3,746.43,0.9326,0,0,tracked_enter,,187,,,,
output.mp4,317069,317069,2006,814,0,Bactrocera dorsalis,0,0,exit,-1,93,1061.52,841.86,0.9292,0,0,tracked_exit,,186,814,,,
output.mp4,317285,317285,2006,814,0,Bactrocera dorsalis,0,0,enter,1,94,1052.58,754.43,0.894,0,0,tracked_enter,,188,,,,
output.mp4,319846,319846,2018,819,0,Bactrocera dorsalis,0,0,enter,1,95,1308.02,678.54,0.9375,0,0,tracked_enter,,189,,,,
output.mp4,323825,323825,2043,824,0,Bactrocera dorsalis,0,0,enter,1,96,1050.92,732.07,0.9165,0,0,tracked_enter,,190,,,,
output.mp4,329880,329880,2051,828,0,Bactrocera dorsalis,0,0,enter,1,97,1071.5,650.57,0.9136,0,0,tracked_enter,,191,,,,
output.mp4,348648,348648,2061,832,0,Bactrocera dorsalis,0,0,enter,1,98,1059.18,773.72,0.9277,0,0,tracked_enter,,192,,,,
output.mp4,352369,352369,2057,831,0,Bactrocera dorsalis,0,0,enter,1,99,1065.0,663.55,0.8569,0,0,tracked_enter,,193,,,,
output.mp4,358031,358031,2069,834,0,Bactrocera dorsalis,0,0,enter,1,100,1314.13,691.99,0.9375,0,0,tracked_enter,,194,,,,
output.mp4,358136,358136,2069,834,0,Bactrocera dorsalis,0,0,exit,-1,99,1055.84,615.9,0.9214,0,0,tracked_exit,,194,834,,,
output.mp4,358242,358242,2069,834,0,Bactrocera dorsalis,0,0,enter,1,100,1049.31,725.77,0.8608,0,0,tracked_enter,,195,,,,
output.mp4,381140,381140,2077,837,0,Bactrocera dorsalis,0,0,enter,1,101,1219.95,854.04,0.9438,0,0,tracked_enter,,196,,,,
output.mp4,381154,381154,2075,836,0,Bactrocera dorsalis,0,0,enter,1,102,1192.39,590.9,0.9321,0,0,tracked_enter,,197,,,,
output.mp4,381188,381188,2077,837,0,Bactrocera dorsalis,0,0,exit,-1,101,1168.35,889.1,0.938,0,0,tracked_exit,,196,837,,,
output.mp4,381347,381347,2083,838,0,Bactrocera dorsalis,0,0,enter,1,102,1312.27,693.19,0.937,0,0,tracked_enter,,198,,,,
output.mp4,381433,381433,2083,838,0,Bactrocera dorsalis,0,0,exit,-1,101,1185.1,558.0,0.937,0,0,tracked_exit,,198,838,,,
output.mp4,381495,381495,2084,839,0,Bactrocera dorsalis,0,0,enter,1,102,1276.75,635.14,0.9473,0,0,tracked_enter,,199,,,,
output.mp4,381614,381614,2084,839,0,Bactrocera dorsalis,0,0,exit,-1,101,1074.71,852.58,0.9468,0,0,tracked_exit,,199,839,,,
output.mp4,382210,382210,2084,839,0,Bactrocera dorsalis,0,0,enter,1,102,1100.81,618.55,0.8887,0,0,tracked_enter,,200,,,,
output.mp4,384473,384473,2104,842,0,Bactrocera dorsalis,0,0,enter,1,103,1094.8,623.12,0.8511,0,0,tracked_enter,,201,,,,
output.mp4,404215,404215,2123,852,0,Bactrocera dorsalis,0,0,enter,1,104,1314.63,726.89,0.9531,0,0,tracked_enter,,202,,,,
output.mp4,404252,404252,2123,852,0,Bactrocera dorsalis,0,0,exit,-1,103,1343.1,780.09,0.9531,0,0,tracked_exit,,202,852,,,
output.mp4,434140,434140,2127,854,0,Bactrocera dorsalis,0,0,enter,1,104,1143.16,597.04,0.9463,0,0,tracked_enter,,203,,,,
output.mp4,434679,434679,2129,856,0,Bactrocera dorsalis,0,0,enter,1,105,1053.36,697.67,0.8896,0,0,tracked_enter,,204,,,,
output.mp4,434697,434697,2136,858,0,Bactrocera dorsalis,0,0,enter,1,106,1310.66,722.77,0.9541,0,0,tracked_enter,,205,,,,
output.mp4,434741,434741,2135,857,0,Bactrocera dorsalis,0,0,enter,1,107,1078.89,647.83,0.8374,0,0,tracked_enter,,206,,,,
output.mp4,438268,438268,2155,863,0,Bactrocera dorsalis,0,0,enter,1,108,1051.03,728.02,0.9248,0,0,tracked_enter,,207,,,,
output.mp4,438739,438739,2171,866,0,Bactrocera dorsalis,0,0,enter,1,109,1246.43,843.43,0.9429,0,0,tracked_enter,,208,,,,
output.mp4,444691,444691,2177,869,0,Bactrocera dorsalis,0,0,enter,1,110,1290.84,645.08,0.9316,0,0,tracked_enter,,209,,,,
output.mp4,451468,451468,2183,872,0,Bactrocera dorsalis,0,0,enter,1,111,1260.84,613.74,0.9194,0,0,tracked_enter,,210,,,,
output.mp4,451529,451529,2183,872,0,Bactrocera dorsalis,0,0,exit,-1,110,1082.14,590.68,0.9331,0,0,tracked_exit,,210,872,,,
output.mp4,451648,451648,2183,872,0,Bactrocera dorsalis,0,0,enter,1,111,1050.54,727.23,0.8965,0,0,tracked_enter,,211,,,,
output.mp4,452267,452267,2201,876,0,Bactrocera dorsalis,0,0,enter,1,112,1096.29,622.14,0.8682,0,0,tracked_enter,,212,,,,
output.mp4,452663,452663,2202,877,0,Bactrocera dorsalis,0,0,enter,1,113,1218.46,593.83,0.9541,0,0,tracked_enter,,213,,,,
output.mp4,453251,453251,2201,876,0,Bactrocera dorsalis,0,0,exit,-1,112,1018.42,729.66,0.9375,0,0,tracked_exit,,212,876,,,
output.mp4,453467,453467,2201,876,0,Bactrocera dorsalis,0,0,enter,1,113,1286.44,637.26,0.9395,0,0,tracked_enter,,214,,,,
output.mp4,453526,453526,2201,876,0,Bactrocera dorsalis,0,0,exit,-1,112,1190.93,890.42,0.9395,0,0,tracked_exit,,214,876,,,
output.mp4,453762,453762,2201,876,0,Bactrocera dorsalis,0,0,enter,1,113,1168.25,590.45,0.8931,0,0,tracked_enter,,215,,,,
output.mp4,468063,468063,2252,884,0,Bactrocera dorsalis,0,0,enter,1,114,1099.7,829.28,0.9507,0,0,tracked_enter,,216,,,,
output.mp4,472927,472927,2268,892,0,Bactrocera dorsalis,0,0,enter,1,115,1308.6,678.82,0.9502,0,0,tracked_enter,,217,,,,
output.mp4,472962,472962,2268,892,0,Bactrocera dorsalis,0,0,exit,-1,114,1083.97,590.98,0.915,0,0,tracked_exit,,217,892,,,
output.mp4,473401,473401,2268,892,0,Bactrocera dorsalis,0,0,enter,1,115,1063.31,664.87,0.8501,0,0,tracked_enter,,218,,,,
output.mp4,473415,473415,2273,894,0,Bactrocera dorsalis,0,0,enter,1,116,1314.25,696.15,0.9263,0,0,tracked_enter,,219,,,,
output.mp4,473441,473441,2268,892,0,Bactrocera dorsalis,0,0,exit,-1,115,1019.07,715.77,0.9263,0,0,tracked_exit,,218,892,,,
output.mp4,473523,473523,2268,892,0,Bactrocera dorsalis,0,0,enter,1,116,1051.19,728.8,0.8955,0,0,tracked_enter,,220,,,,
output.mp4,473552,473552,2277,895,0,Bactrocera dorsalis,0,0,enter,1,117,1280.61,631.79,0.9058,1,2,tracked_enter,,221,,,,
output.mp4,473579,473579,2268,892,0,Bactrocera dorsalis,0,0,exit,-1,116,1018.29,739.4,0.9419,0,0,tracked_exit,,220,892,,,
output.mp4,473612,473612,2273,894,0,Bactrocera dorsalis,0,0,exit,-1,115,1100.69,581.24,0.9165,0,0,tracked_exit,,219,894,,,
output.mp4,473622,473622,2280,898,0,Bactrocera dorsalis,0,0,exit,-1,114,1344.96,687.7,0.8672,0,0,recovered_exit,inner_start,221,895,0.9504496870681751,0,1
output.mp4,473687,473687,2280,898,0,Bactrocera dorsalis,0,0,enter,1,115,1257.2,826.01,0.9507,0,0,tracked_enter,,222,,,,
output.mp4,473876,473876,2268,892,0,Bactrocera dorsalis,0,0,enter,1,116,1099.29,621.1,0.9058,0,0,tracked_enter,,223,,,,
output.mp4,474515,474515,2273,894,0,Bactrocera dorsalis,0,0,enter,1,117,1169.46,592.41,0.9141,0,0,tracked_enter,,224,,,,
output.mp4,474650,474650,2287,901,0,Bactrocera dorsalis,0,0,enter,1,118,1101.69,618.61,0.8882,0,0,tracked_enter,,225,,,,
output.mp4,475273,475273,2287,901,0,Bactrocera dorsalis,0,0,exit,-1,117,1031.08,660.76,0.9272,0,0,tracked_exit,,225,901,,,
output.mp4,475455,475455,2287,901,0,Bactrocera dorsalis,0,0,enter,1,118,1054.24,691.98,0.8481,0,0,tracked_enter,,226,,,,
output.mp4,478991,478991,2295,903,0,Bactrocera dorsalis,0,0,enter,1,119,1139.77,845.54,0.9346,1,3,tracked_enter,,227,,,,
output.mp4,480117,480117,2295,903,0,Bactrocera dorsalis,0,0,exit,-1,118,1020.02,699.97,0.9351,1,3,tracked_exit,,227,903,,,
output.mp4,480214,480214,2295,903,0,Bactrocera dorsalis,0,0,enter,1,119,1051.5,747.59,0.8965,1,3,tracked_enter,,228,,,,
output.mp4,492771,492771,2334,918,0,Bactrocera dorsalis,0,0,enter,1,120,1152.66,593.21,0.9033,0,0,tracked_enter,,229,,,,
output.mp4,493148,493148,2334,918,0,Bactrocera dorsalis,0,0,exit,-1,119,1239.72,879.31,0.9229,0,0,tracked_exit,,229,918,,,
output.mp4,493414,493414,2335,919,0,Bactrocera dorsalis,0,0,enter,1,120,1182.83,854.37,0.9214,0,0,tracked_enter,,230,,,,
output.mp4,493723,493723,2335,919,0,Bactrocera dorsalis,0,0,exit,-1,119,1273.81,584.57,0.9263,0,0,tracked_exit,,230,919,,,
output.mp4,493930,493930,2337,920,0,Bactrocera dorsalis,0,0,enter,1,120,1306.97,776.18,0.9521,0,0,tracked_enter,,231,,,,
output.mp4,494038,494038,2335,919,0,Bactrocera dorsalis,0,0,enter,1,121,1058.51,674.65,0.7827,0,0,tracked_enter,,232,,,,
output.mp4,494481,494481,2341,921,0,Bactrocera dorsalis,0,0,enter,1,122,1314.4,729.15,0.9268,0,0,tracked_enter,,233,,,,
output.mp4,494659,494659,2341,921,0,Bactrocera dorsalis,0,0,exit,-1,121,1253.2,573.85,0.9331,0,0,tracked_exit,,233,921,,,
output.mp4,498312,498312,2347,922,0,Bactrocera dorsalis,0,0,enter,1,122,1254.42,838.13,0.9341,0,0,tracked_enter,,234,,,,
output.mp4,509808,509808,2386,933,0,Bactrocera dorsalis,0,0,enter,1,123,1100.18,618.71,0.856,0,0,tracked_enter,,235,,,,
output.mp4,513707,513707,2391,934,0,Bactrocera dorsalis,0,0,enter,1,124,1301.32,662.78,0.9214,0,0,tracked_enter,,236,,,,
output.mp4,517098,517098,2415,940,0,Bactrocera dorsalis,0,0,enter,1,125,1311.39,766.31,0.9424,0,0,tracked_enter,,237,,,,
output.mp4,525259,525259,2420,941,0,Bactrocera dorsalis,0,0,enter,1,126,1305.45,759.11,0.9248,0,0,tracked_enter,,238,,,,
output.mp4,533486,533486,2433,945,0,Bactrocera dorsalis,0,0,enter,1,127,1304.75,670.14,0.9487,0,0,tracked_enter,,239,,,,
output.mp4,533527,533527,2433,945,0,Bactrocera dorsalis,0,0,exit,-1,126,1327.09,816.67,0.9438,0,0,tracked_exit,,239,945,,,
output.mp4,534016,534016,2433,945,0,Bactrocera dorsalis,0,0,enter,1,127,1317.6,721.18,0.9399,0,0,tracked_enter,,240,,,,
output.mp4,534807,534807,2428,943,0,Bactrocera dorsalis,0,0,enter,1,128,1116.77,607.56,0.9092,0,0,tracked_enter,,241,,,,
output.mp4,557626,557626,2447,952,0,Bactrocera dorsalis,0,0,enter,1,129,1114.03,835.03,0.9453,0,0,tracked_enter,,242,,,,
output.mp4,560762,560762,2488,960,0,Bactrocera dorsalis,0,0,enter,1,130,1187.35,853.8,0.9341,0,0,tracked_enter,,243,,,,
output.mp4,560792,560792,2488,960,0,Bactrocera dorsalis,0,0,exit,-1,129,1162.31,552.09,0.9541,0,0,tracked_exit,,243,960,,,
output.mp4,562217,562217,2493,962,0,Bactrocera dorsalis,0,0,enter,1,130,1135.77,598.12,0.9219,0,0,tracked_enter,,244,,,,
output.mp4,574463,574463,2518,967,0,Bactrocera dorsalis,0,0,enter,1,131,1084.33,634.04,0.8911,0,0,tracked_enter,,245,,,,
output.mp4,604402,604402,2525,969,0,Bactrocera dorsalis,0,0,enter,1,132,1085.85,634.51,0.915,0,0,tracked_enter,,246,,,,
output.mp4,609348,609348,2530,972,0,Bactrocera dorsalis,0,0,enter,1,133,1111.32,611.3,0.916,0,0,tracked_enter,,247,,,,
output.mp4,615042,615042,2565,979,0,Bactrocera dorsalis,0,0,enter,1,134,1199.06,851.44,0.9116,0,0,tracked_enter,,248,,,,
output.mp4,617837,617837,2566,980,0,Bactrocera dorsalis,0,0,enter,1,135,1054.87,690.2,0.814,0,0,tracked_enter,,249,,,,
output.mp4,618684,618684,2571,983,0,Bactrocera dorsalis,0,0,enter,1,136,1083.6,635.26,0.8823,0,0,tracked_enter,,250,,,,
output.mp4,621978,621978,2588,987,0,Bactrocera dorsalis,0,0,enter,1,137,1084.17,633.24,0.897,0,0,tracked_enter,,251,,,,
output.mp4,623794,623794,2595,989,0,Bactrocera dorsalis,0,0,enter,1,138,1271.93,631.52,0.9346,0,0,tracked_enter,,252,,,,
output.mp4,634394,634394,2597,990,0,Bactrocera dorsalis,0,0,enter,1,139,1311.84,682.99,0.9463,0,0,tracked_enter,,253,,,,
output.mp4,634870,634870,2597,990,0,Bactrocera dorsalis,0,0,exit,-1,138,1099.2,581.64,0.9277,0,0,tracked_exit,,253,990,,,
output.mp4,634985,634985,2597,990,0,Bactrocera dorsalis,0,0,enter,1,139,1051.69,700.16,0.9189,0,0,tracked_enter,,254,,,,
output.mp4,638164,638164,2603,992,0,Bactrocera dorsalis,0,0,enter,1,140,1062.29,779.39,0.9395,0,0,tracked_enter,,255,,,,
output.mp4,639017,639017,2620,997,0,Bactrocera dorsalis,0,0,enter,1,141,1177.44,858.67,0.9263,0,0,tracked_enter,,256,,,,
output.mp4,640155,640155,2625,998,0,Bactrocera dorsalis,0,0,enter,1,142,1127.76,602.77,0.9136,0,0,tracked_enter,,257,,,,
output.mp4,649025,649025,2627,999,0,Bactrocera dorsalis,0,0,enter,1,143,1061.48,777.19,0.9258,0,0,tracked_enter,,258,,,,
output.mp4,663727,663727,2629,1000,0,Bactrocera dorsalis,0,0,enter,1,144,1085.22,633.7,0.9014,0,0,tracked_enter,,259,,,,
output.mp4,689846,689846,2636,1006,0,Bactrocera dorsalis,0,0,enter,1,145,1070.11,652.27,0.8662,0,0,tracked_enter,,260,,,,
output.mp4,690618,690618,2640,1009,0,Bactrocera dorsalis,0,0,enter,1,146,1054.81,757.06,0.9092,0,0,tracked_enter,,261,,,,
output.mp4,693282,693282,2648,1011,0,Bactrocera dorsalis,0,0,enter,1,147,1108.43,612.15,0.895,0,0,tracked_enter,,262,,,,
output.mp4,693633,693633,2652,1013,0,Bactrocera dorsalis,0,0,exit,-1,146,1028.2,668.24,0.9243,0,0,recovered_exit,inner_start,197,836,0.9275343895679631,0,1
output.mp4,694314,694314,2652,1013,0,Bactrocera dorsalis,0,0,enter,1,147,1075.42,644.53,0.8862,0,0,tracked_enter,,263,,,,
output.mp4,694865,694865,2661,1013,0,Bactrocera dorsalis,0,0,exit,-1,146,1031.63,654.11,0.9219,1,4,tracked_exit,,263,1013,,,
output.mp4,694925,694925,2661,1013,0,Bactrocera dorsalis,0,0,enter,1,147,1186.02,590.98,0.9399,1,4,tracked_enter,,264,,,,
output.mp4,695000,695000,2661,1013,0,Bactrocera dorsalis,0,0,exit,-1,146,1230.56,891.1,0.9312,1,4,tracked_exit,,264,1013,,,
output.mp4,715681,715681,2669,1022,0,Bactrocera dorsalis,0,0,enter,1,147,1116.29,608.45,0.9238,0,0,tracked_enter,,265,,,,
output.mp4,717463,717463,2677,1025,0,Bactrocera dorsalis,0,0,enter,1,148,1051.44,715.92,0.9019,0,0,tracked_enter,,266,,,,
output.mp4,720589,720589,2680,1027,0,Bactrocera dorsalis,0,0,enter,1,149,1050.92,703.23,0.8984,0,0,tracked_enter,,267,,,,
output.mp4,721112,721112,2681,1028,0,Bactrocera dorsalis,0,0,enter,1,150,1049.47,733.23,0.9116,0,0,tracked_enter,,268,,,,
output.mp4,721171,721171,2680,1027,0,Bactrocera dorsalis,0,0,exit,-1,149,1080.49,853.49,0.9272,0,0,tracked_exit,,267,1027,,,
output.mp4,728600,728600,2687,1032,0,Bactrocera dorsalis,0,0,enter,1,150,1051.34,727.95,0.9238,0,0,tracked_enter,,269,,,,
output.mp4,748281,748281,2692,1035,0,Bactrocera dorsalis,0,0,enter,1,151,1304.28,754.46,0.9375,0,0,tracked_enter,,270,,,,
output.mp4,770126,770126,2693,1036,0,Bactrocera dorsalis,0,0,enter,1,152,1050.48,738.34,0.9277,0,0,tracked_enter,,271,,,,
output.mp4,770979,770979,2699,1037,0,Bactrocera dorsalis,0,0,enter,1,153,1182.71,850.49,0.936,0,0,tracked_enter,,272,,,,
output.mp4,770989,770989,2699,1037,0,Bactrocera dorsalis,0,0,exit,-1,152,1349.57,703.23,0.9204,0,0,tracked_exit,,272,1037,,,
output.mp4,771076,771076,2699,1037,0,Bactrocera dorsalis,0,0,enter,1,153,1201.12,599.62,0.9082,0,0,tracked_enter,,273,,,,
output.mp4,771348,771348,2703,1038,0,Bactrocera dorsalis,0,0,exit,-1,152,1026.73,667.74,0.9268,0,0,recovered_exit,inner_start,185,812,0.9656301214076015,0,1
output.mp4,787924,787924,2707,1040,0,Bactrocera dorsalis,0,0,enter,1,153,1050.49,734.07,0.9287,0,0,tracked_enter,,274,,,,
output.mp4,788416,788416,2707,1040,0,Bactrocera dorsalis,0,0,exit,-1,152,1019.42,710.72,0.9512,0,0,tracked_exit,,274,1040,,,
output.mp4,788481,788481,2707,1040,0,Bactrocera dorsalis,0,0,enter,1,153,1108.2,612.85,0.9243,0,0,tracked_enter,,275,,,,
output.mp4,789473,789473,2712,1041,0,Bactrocera dorsalis,0,0,enter,1,154,1071.3,797.95,0.9473,0,0,tracked_enter,,276,,,,
output.mp4,789539,789539,2712,1041,0,Bactrocera dorsalis,0,0,exit,-1,153,1020.98,756.42,0.9312,0,0,tracked_exit,,276,1041,,,
output.mp4,789616,789616,2712,1041,0,Bactrocera dorsalis,0,0,enter,1,154,1054.48,761.19,0.9277,0,0,tracked_enter,,277,,,,
output.mp4,789849,789849,2712,1041,0,Bactrocera dorsalis,0,0,exit,-1,153,1279.49,581.44,0.9531,0,0,tracked_exit,,277,1041,,,
output.mp4,789952,789952,2712,1041,0,Bactrocera dorsalis,0,0,enter,1,154,1099.91,828.47,0.9517,0,0,tracked_enter,,278,,,,
output.mp4,790720,790720,2712,1041,0,Bactrocera dorsalis,0,0,exit,-1,153,1066.9,603.83,0.9106,0,0,tracked_exit,,278,1041,,,
output.mp4,791492,791492,2720,1043,0,Bactrocera dorsalis,0,0,exit,-1,152,1054.26,826.11,0.9463,0,0,recovered_exit,inner_start,237,940,0.933118023046666,0,1
output.mp4,791569,791569,2720,1043,0,Bactrocera dorsalis,0,0,enter,1,153,1055.67,690.14,0.8652,0,0,tracked_enter,,279,,,,
output.mp4,791602,791602,2720,1043,0,Bactrocera dorsalis,0,0,exit,-1,152,1049.38,621.66,0.9131,0,0,tracked_exit,,279,1043,,,
output.mp4,791663,791663,2720,1043,0,Bactrocera dorsalis,0,0,enter,1,153,1139.67,605.73,0.9214,0,0,tracked_enter,,280,,,,
output.mp4,796263,796263,2728,1044,0,Bactrocera dorsalis,0,0,enter,1,154,1049.99,736.67,0.9263,0,0,tracked_enter,,281,,,,
output.mp4,800375,800375,2739,1049,0,Bactrocera dorsalis,0,0,enter,1,155,1280.95,816.06,0.9419,0,0,tracked_enter,,282,,,,
output.mp4,800422,800422,2732,1047,0,Bactrocera dorsalis,0,0,enter,1,156,1088.03,630.11,0.9258,0,0,tracked_enter,,283,,,,
output.mp4,800774,800774,2739,1049,0,Bactrocera dorsalis,0,0,exit,-1,155,1035.29,811.24,0.9365,0,0,tracked_exit,,282,1049,,,
output.mp4,800845,800845,2739,1049,0,Bactrocera dorsalis,0,0,enter,1,156,1058.44,676.88,0.769,0,0,tracked_enter,,284,,,,
output.mp4,805898,805898,2744,1051,0,Bactrocera dorsalis,0,0,enter,1,157,1069.91,652.22,0.8345,0,0,tracked_enter,,285,,,,
output.mp4,806420,806420,2747,1052,0,Bactrocera dorsalis,0,0,enter,1,158,1286.16,802.35,0.9287,0,0,tracked_enter,,286,,,,
output.mp4,806608,806608,2748,1053,0,Bactrocera dorsalis,0,0,enter,1,159,1292.61,645.11,0.9019,0,0,tracked_enter,,287,,,,
output.mp4,806958,806958,2750,1054,0,Bactrocera dorsalis,0,0,enter,1,160,1202.91,590.97,0.9375,0,0,tracked_enter,,288,,,,
output.mp4,817072,817072,2754,1055,0,Bactrocera dorsalis,0,0,enter,1,161,1125.26,602.46,0.9194,0,0,tracked_enter,,289,,,,
output.mp4,818478,818478,2756,1056,0,Bactrocera dorsalis,0,0,enter,1,162,1053.57,755.3,0.9253,0,0,tracked_enter,,290,,,,
output.mp4,818534,818534,2756,1056,0,Bactrocera dorsalis,0,0,exit,-1,161,1033.69,793.21,0.9292,0,0,tracked_exit,,290,1056,,,
output.mp4,821422,821422,2756,1056,0,Bactrocera dorsalis,0,0,enter,1,162,1141.61,851.43,0.9448,0,0,tracked_enter,,291,,,,
output.mp4,821598,821598,2756,1056,0,Bactrocera dorsalis,0,0,exit,-1,161,1190.44,889.34,0.9546,0,0,tracked_exit,,291,1056,,,
output.mp4,822988,822988,2768,1057,0,Bactrocera dorsalis,0,0,enter,1,162,1318.43,714.69,0.9307,0,0,tracked_enter,,292,,,,
output.mp4,823599,823599,2768,1057,0,Bactrocera dorsalis,0,0,exit,-1,161,1321.83,817.03,0.9204,0,0,tracked_exit,,292,1057,,,
output.mp4,826968,826968,2769,1058,0,Bactrocera dorsalis,0,0,enter,1,162,1064.62,785.98,0.9116,0,0,tracked_enter,,293,,,,
output.mp4,827028,827028,2769,1058,0,Bactrocera dorsalis,0,0,exit,-1,161,1023.97,676.83,0.9355,0,0,tracked_exit,,293,1058,,,
output.mp4,827774,827774,2776,1060,0,Bactrocera dorsalis,0,0,enter,1,162,1315.94,739.26,0.9517,1,2,tracked_enter,,294,,,,
output.mp4,827901,827901,2775,1061,0,Bactrocera dorsalis,0,0,enter,1,163,1287.79,638.48,0.9448,0,0,tracked_enter,,295,,,,
output.mp4,831841,831841,2785,1062,0,Bactrocera dorsalis,0,0,enter,1,164,1300.89,662.87,0.9487,0,0,tracked_enter,,296,,,,
output.mp4,832206,832206,2785,1062,0,Bactrocera dorsalis,0,0,exit,-1,163,1348.44,708.74,0.9365,0,0,tracked_exit,,296,1062,,,
output.mp4,838382,838382,2785,1062,0,Bactrocera dorsalis,0,0,enter,1,164,1142.63,851.89,0.9512,0,0,tracked_enter,,297,,,,
output.mp4,838399,838399,2785,1062,0,Bactrocera dorsalis,0,0,exit,-1,163,1136.75,884.58,0.9238,0,0,tracked_exit,,297,1062,,,
output.mp4,839519,839519,2793,1063,0,Bactrocera dorsalis,0,0,enter,1,164,1174.61,855.4,0.9263,0,0,tracked_enter,,298,,,,
output.mp4,840809,840809,2795,1064,0,Bactrocera dorsalis,0,0,enter,1,165,1093.55,623.79,0.9116,0,0,tracked_enter,,299,,,,
output.mp4,841090,841090,2801,1066,0,Bactrocera dorsalis,0,0,enter,1,166,1061.93,666.58,0.8623,0,0,tracked_enter,,300,,,,
output.mp4,847330,847330,2811,1072,0,Bactrocera dorsalis,0,0,enter,1,167,1154.47,592.28,0.9351,0,0,tracked_enter,,301,,,,
output.mp4,851429,851429,2817,1073,0,Bactrocera dorsalis,0,0,enter,1,168,1109.46,612.02,0.8931,0,0,tracked_enter,,302,,,,
output.mp4,868069,868069,2818,1074,0,Bactrocera dorsalis,0,0,enter,1,169,1057.06,678.35,0.8198,0,0,tracked_enter,,303,,,,
output.mp4,868873,868873,2823,1076,0,Bactrocera dorsalis,0,0,enter,1,170,1257.52,832.7,0.9365,0,0,tracked_enter,,304,,,,
output.mp4,868945,868945,2819,1075,0,Bactrocera dorsalis,0,0,enter,1,171,1145.65,594.59,0.9214,0,0,tracked_enter,,305,,,,
output.mp4,869239,869239,2819,1075,0,Bactrocera dorsalis,0,0,exit,-1,170,1019.03,707.12,0.9209,0,0,tracked_exit,,305,1075,,,
output.mp4,869325,869325,2819,1075,0,Bactrocera dorsalis,0,0,enter,1,171,1111.07,610.45,0.8706,0,0,tracked_enter,,306,,,,
output.mp4,869656,869656,2835,1078,0,Bactrocera dorsalis,0,0,enter,1,172,1056.86,768.22,0.9331,0,0,tracked_enter,,307,,,,
output.mp4,869698,869698,2838,1080,0,Bactrocera dorsalis,0,0,enter,1,173,1219.24,853.14,0.9478,0,0,tracked_enter,,308,,,,
output.mp4,869725,869725,2838,1080,0,Bactrocera dorsalis,0,0,exit,-1,172,1349.75,758.83,0.936,0,0,tracked_exit,,308,1080,,,
output.mp4,870047,870047,2836,1079,0,Bactrocera dorsalis,0,0,exit,-1,171,1157.19,893.43,0.9072,0,0,recovered_exit,inner_start,171,765,0.9506541757877696,0,1
output.mp4,870345,870345,2836,1079,0,Bactrocera dorsalis,0,0,enter,1,172,1051.75,702.67,0.895,0,0,tracked_enter,,309,,,,
output.mp4,872293,872293,2844,1082,0,Bactrocera dorsalis,0,0,enter,1,173,1312.3,682.46,0.9414,0,0,tracked_enter,,310,,,,
output.mp4,872350,872350,2845,1083,0,Bactrocera dorsalis,0,0,enter,1,174,1289.23,640.46,0.9487,0,0,tracked_enter,,311,,,,
output.mp4,873500,873500,2848,1085,0,Bactrocera dorsalis,0,0,enter,1,175,1310.07,683.33,0.9292,1,2,tracked_enter,,312,,,,
output.mp4,873524,873524,2850,1086,0,Bactrocera dorsalis,0,0,enter,1,176,1093.99,819.75,0.9565,0,0,tracked_enter,,313,,,,
output.mp4,873569,873569,2848,1085,0,Bactrocera dorsalis,0,0,exit,-1,175,1187.85,553.16,0.9438,1,2,tracked_exit,,312,1085,,,
output.mp4,873806,873806,2853,1088,0,Bactrocera dorsalis,0,0,enter,1,176,1067.23,786.53,0.9253,0,0,tracked_enter,,314,,,,
output.mp4,874041,874041,2848,1085,0,Bactrocera dorsalis,0,0,enter,1,177,1072.65,648.31,0.8843,1,2,tracked_enter,,315,,,,
output.mp4,874043,874043,2853,1088,0,Bactrocera dorsalis,0,0,exit,-1,176,1204.49,557.76,0.9536,0,0,tracked_exit,,314,1088,,,
output.mp4,874288,874288,2853,1088,0,Bactrocera dorsalis,0,0,enter,1,177,1102.88,616.32,0.9219,0,0,tracked_enter,,316,,,,
output.mp4,878638,878638,2860,1091,0,Bactrocera dorsalis,0,0,enter,1,178,1050.5,710.01,0.9175,0,0,tracked_enter,,317,,,,
output.mp4,882636,882636,2864,1093,0,Bactrocera dorsalis,0,0,enter,1,179,1156.45,595.44,0.939,0,0,tracked_enter,,318,,,,
output.mp4,886387,886387,2865,1094,0,Bactrocera dorsalis,0,0,enter,1,180,1305.96,779.14,0.9517,0,0,tracked_enter,,319,,,,
output.mp4,886638,886638,2883,1097,0,Bactrocera dorsalis,0,0,enter,1,181,1300.73,786.99,0.9326,0,0,tracked_enter,,320,,,,
output.mp4,886789,886789,2889,1099,0,Bactrocera dorsalis,0,0,enter,1,182,1297.8,657.67,0.9414,0,0,tracked_enter,,321,,,,
output.mp4,887286,887286,2890,1100,0,Bactrocera dorsalis,0,0,enter,1,183,1049.47,733.22,0.9141,0,0,tracked_enter,,322,,,,
output.mp4,894755,894755,2896,1104,0,Bactrocera dorsalis,0,0,enter,1,184,1252.11,608.5,0.9468,0,0,tracked_enter,,323,,,,
output.mp4,898408,898408,2899,1106,0,Bactrocera dorsalis,0,0,enter,1,185,1312.53,752.17,0.9458,0,0,tracked_enter,,324,,,,
output.mp4,899161,899161,2902,1107,0,Bactrocera dorsalis,0,0,enter,1,186,1137.85,849.22,0.916,0,0,tracked_enter,,325,,,,
output.mp4,899190,899190,2908,1109,0,Bactrocera dorsalis,0,0,enter,1,187,1112.97,831.75,0.9487,0,0,tracked_enter,,326,,,,
output.mp4,899218,899218,2902,1107,0,Bactrocera dorsalis,0,0,exit,-1,186,1254.1,571.12,0.9492,0,0,tracked_exit,,325,1107,,,
output.mp4,899440,899440,2902,1107,0,Bactrocera dorsalis,0,0,enter,1,187,1103.01,617.36,0.894,0,0,tracked_enter,,327,,,,
output.mp4,901282,901282,2915,1110,0,Bactrocera dorsalis,0,0,enter,1,188,1232.32,849.26,0.9468,0,0,tracked_enter,,328,,,,
output.mp4,914546,914546,2918,1111,0,Bactrocera dorsalis,0,0,enter,1,189,1318.09,725.16,0.9409,0,0,tracked_enter,,329,,,,
output.mp4,961768,961768,2924,1113,0,Bactrocera dorsalis,0,0,enter,1,190,1103.71,615.85,0.9106,0,0,tracked_enter,,330,,,,
output.mp4,961838,961838,2925,1114,0,Bactrocera dorsalis,0,0,enter,1,191,1049.55,713.63,0.8916,0,0,tracked_enter,,331,,,,
output.mp4,967885,967885,2932,1116,0,Bactrocera dorsalis,0,0,enter,1,192,1283.58,806.05,0.9224,0,0,tracked_enter,,332,,,,
output.mp4,990773,990773,2950,1120,0,Bactrocera dorsalis,0,0,enter,1,193,1082.94,811.48,0.9219,0,0,tracked_enter,,333,,,,
output.mp4,992007,992007,2963,1126,0,Bactrocera dorsalis,0,0,exit,-1,192,1021.92,756.91,0.9214,0,0,recovered_exit,inner_start,97,503,0.9113379457257373,0,1
output.mp4,994032,994032,2970,1129,0,Bactrocera dorsalis,0,0,enter,1,193,1307.24,735.64,0.9409,0,0,tracked_enter,,334,,,,
output.mp4,994048,994048,2972,1130,0,Bactrocera dorsalis,0,0,enter,1,194,1318.55,732.96,0.9292,1,2,tracked_enter,,335,,,,
output.mp4,1023862,1023862,2976,1132,0,Bactrocera dorsalis,0,0,enter,1,195,1265.59,827.94,0.9268,0,0,tracked_enter,,336,,,,
output.mp4,1033505,1033505,2980,1134,0,Bactrocera dorsalis,0,0,enter,1,196,1265.5,828.27,0.9321,0,0,tracked_enter,,337,,,,
output.mp4,1034319,1034319,2982,1136,0,Bactrocera dorsalis,0,0,enter,1,197,1301.33,661.46,0.9365,0,0,tracked_enter,,338,,,,
output.mp4,1034504,1034504,2982,1136,0,Bactrocera dorsalis,0,0,exit,-1,196,1341.79,656.87,0.9517,0,0,tracked_exit,,338,1136,,,
output.mp4,1034950,1034950,2982,1136,0,Bactrocera dorsalis,0,0,enter,1,197,1277.49,631.66,0.9443,0,0,tracked_enter,,339,,,,
output.mp4,1035648,1035648,2982,1136,0,Bactrocera dorsalis,0,0,exit,-1,196,1016.85,732.79,0.9346,0,0,tracked_exit,,339,1136,,,
output.mp4,1035790,1035790,2982,1136,0,Bactrocera dorsalis,0,0,enter,1,197,1294.58,662.29,0.9561,0,0,tracked_enter,,340,,,,
output.mp4,1038810,1038810,2987,1138,0,Bactrocera dorsalis,0,0,enter,1,198,1317.59,707.9,0.4805,0,0,tracked_enter,,341,,,,
output.mp4,1054359,1054359,2989,1139,0,Bactrocera dorsalis,0,0,enter,1,199,1064.17,786.08,0.8706,0,0,tracked_enter,,342,,,,
output.mp4,1054889,1054889,2992,1141,0,Bactrocera dorsalis,0,0,exit,-1,198,1088.07,589.7,0.9189,0,0,recovered_exit,inner_start,319,1094,0.9596379155034924,0,1
output.mp4,1056293,1056293,2999,1143,0,Bactrocera dorsalis,0,0,enter,1,199,1089.72,628.65,0.8955,0,0,tracked_enter,,343,,,,
output.mp4,1059341,1059341,3001,1144,0,Bactrocera dorsalis,0,0,enter,1,200,1302.08,774.33,0.9424,0,0,tracked_enter,,344,,,,
output.mp4,1063557,1063557,3007,1148,0,Bactrocera dorsalis,0,0,enter,1,201,1070.38,654.72,0.895,0,0,tracked_enter,,345,,,,
output.mp4,1067000,1067000,3008,1149,0,Bactrocera dorsalis,0,0,enter,1,202,1134.89,600.0,0.9312,0,0,tracked_enter,,346,,,,
output.mp4,1067399,1067399,3010,1151,0,Bactrocera dorsalis,0,0,exit,-1,201,1018.98,742.9,0.939,0,0,recovered_exit,inner_start,176,774,0.9666609141710232,0,1
output.mp4,1067480,1067480,3010,1151,0,Bactrocera dorsalis,0,0,enter,1,202,1058.07,680.1,0.8198,0,0,tracked_enter,,347,,,,
output.mp4,1067627,1067627,3014,1152,0,Bactrocera dorsalis,0,0,enter,1,203,1251.47,835.98,0.9365,1,3,tracked_enter,,348,,,,
output.mp4,1090589,1090589,3022,1156,0,Bactrocera dorsalis,0,0,enter,1,204,1053.02,751.37,0.9341,0,0,tracked_enter,,349,,,,
output.mp4,1093729,1093729,3035,1157,0,Bactrocera dorsalis,0,0,enter,1,205,1090.65,626.92,0.8613,0,0,tracked_enter,,350,,,,
output.mp4,1098017,1098017,3047,1160,0,Bactrocera dorsalis,0,0,enter,1,206,1148.1,851.29,0.9302,0,0,tracked_enter,,351,,,,
output.mp4,1098329,1098329,3047,1160,0,Bactrocera dorsalis,0,0,exit,-1,205,1021.56,776.6,0.9531,0,0,tracked_exit,,351,1160,,,
output.mp4,1098390,1098390,3047,1160,0,Bactrocera dorsalis,0,0,enter,1,206,1234.77,599.09,0.9458,0,0,tracked_enter,,352,,,,
output.mp4,1098579,1098579,3047,1160,0,Bactrocera dorsalis,0,0,exit,-1,205,1041.61,813.13,0.9414,0,0,tracked_exit,,352,1160,,,
output.mp4,1098620,1098620,3050,1162,0,Bactrocera dorsalis,0,0,enter,1,206,1077.31,641.66,0.895,0,0,tracked_enter,,353,,,,
output.mp4,1099283,1099283,3047,1160,0,Bactrocera dorsalis,0,0,enter,1,207,1259.14,616.5,0.9253,0,0,tracked_enter,,354,,,,
output.mp4,1099372,1099372,3047,1160,0,Bactrocera dorsalis,0,0,exit,-1,206,1026.36,775.97,0.9438,0,0,tracked_exit,,354,1160,,,
output.mp4,1099420,1099420,3055,1165,0,Bactrocera dorsalis,0,0,exit,-1,205,1059.28,611.34,0.9243,0,0,recovered_exit,inner_start,288,1054,0.9548200701048382,0,1
output.mp4,1100537,1100537,3066,1170,0,Bactrocera dorsalis,0,0,enter,1,206,1291.74,642.71,0.9194,0,0,tracked_enter,,355,,,,
output.mp4,1152717,1152717,3080,1175,0,Bactrocera dorsalis,0,0,enter,1,207,1110.59,832.69,0.9258,0,0,tracked_enter,,356,,,,
output.mp4,1152889,1152889,3097,1177,0,Bactrocera dorsalis,0,0,enter,1,208,1288.4,638.83,0.9321,0,0,tracked_enter,,357,,,,
output.mp4,1154284,1154284,3101,1178,0,Bactrocera dorsalis,0,0,enter,1,209,1081.9,636.79,0.8057,0,0,tracked_enter,,358,,,,
output.mp4,1194184,1194184,3117,1184,0,Bactrocera dorsalis,0,0,enter,1,210,1052.54,753.58,0.9292,0,0,tracked_enter,,359,,,,
output.mp4,1229589,1229589,3119,1185,0,Bactrocera dorsalis,0,0,enter,1,211,1300.62,780.53,0.9277,0,0,tracked_enter,,360,,,,
output.mp4,1237974,1237974,3122,1187,0,Bactrocera dorsalis,0,0,enter,1,212,1160.88,592.08,0.9404,0,0,tracked_enter,,361,,,,
output.mp4,1238073,1238073,3122,1187,0,Bactrocera dorsalis,0,0,exit,-1,211,1150.3,561.6,0.938,0,0,tracked_exit,,361,1187,,,
output.mp4,1238612,1238612,3122,1187,0,Bactrocera dorsalis,0,0,enter,1,212,1182.22,589.57,0.9531,0,0,tracked_enter,,362,,,,
output.mp4,1238692,1238692,3122,1187,0,Bactrocera dorsalis,0,0,exit,-1,211,1158.44,560.79,0.936,0,0,tracked_exit,,362,1187,,,
output.mp4,1238855,1238855,3122,1187,0,Bactrocera dorsalis,0,0,enter,1,212,1091.11,626.16,0.8447,0,0,tracked_enter,,363,,,,
output.mp4,1238892,1238892,3122,1187,0,Bactrocera dorsalis,0,0,exit,-1,211,1040.68,638.34,0.9214,0,0,tracked_exit,,363,1187,,,
output.mp4,1245476,1245476,3132,1193,0,Bactrocera dorsalis,0,0,enter,1,212,1310.18,704.03,0.9248,0,0,tracked_enter,,364,,,,
output.mp4,1245547,1245547,3132,1193,0,Bactrocera dorsalis,0,0,exit,-1,211,1070.18,845.82,0.9385,0,0,tracked_exit,,364,1193,,,
output.mp4,1245712,1245712,3130,1192,0,Bactrocera dorsalis,0,0,enter,1,212,1161.91,590.85,0.9487,0,0,tracked_enter,,365,,,,
output.mp4,1245816,1245816,3132,1193,0,Bactrocera dorsalis,0,0,enter,1,213,1051.5,701.16,0.8223,0,0,tracked_enter,,366,,,,
output.mp4,1246636,1246636,3132,1193,0,Bactrocera dorsalis,0,0,exit,-1,212,1145.57,562.25,0.9292,0,0,tracked_exit,,366,1193,,,
output.mp4,1246770,1246770,3132,1193,0,Bactrocera dorsalis,0,0,enter,1,213,1154.71,844.39,0.9399,0,0,tracked_enter,,367,,,,
output.mp4,1298715,1298715,3157,1201,0,Bactrocera dorsalis,0,0,enter,1,214,1049.36,726.72,0.9048,0,0,tracked_enter,,368,,,,
output.mp4,1299462,1299462,3159,1202,0,Bactrocera dorsalis,0,0,enter,1,215,1207.82,856.68,0.9468,0,0,tracked_enter,,369,,,,
output.mp4,1346628,1346628,3167,1208,0,Bactrocera dorsalis,0,0,enter,1,216,1318.23,726.06,0.7295,0,0,tracked_enter,,370,,,,
output.mp4,1346941,1346941,3167,1208,0,Bactrocera dorsalis,0,0,exit,-1,215,1017.17,726.11,0.9126,0,0,tracked_exit,,370,1208,,,
output.mp4,1347004,1347004,3167,1208,0,Bactrocera dorsalis,0,0,enter,1,216,1052.92,710.5,0.8716,0,0,tracked_enter,,371,,,,
output.mp4,1347150,1347150,3168,1209,0,Bactrocera dorsalis,0,0,enter,1,217,1310.3,771.14,0.9292,0,0,tracked_enter,,372,,,,
output.mp4,1347252,1347252,3168,1209,0,Bactrocera dorsalis,0,0,exit,-1,216,1080.14,854.34,0.9429,0,0,tracked_exit,,372,1209,,,
output.mp4,1347471,1347471,3168,1209,0,Bactrocera dorsalis,0,0,enter,1,217,1057.97,676.0,0.8633,0,0,tracked_enter,,373,,,,
output.mp4,1398482,1398482,3170,1211,0,Bactrocera dorsalis,0,0,enter,1,218,1269.33,826.51,0.9419,0,0,tracked_enter,,374,,,,
output.mp4,1406641,1406641,3188,1213,0,Bactrocera dorsalis,0,0,enter,1,219,1049.06,720.31,0.9111,0,0,tracked_enter,,375,,,,
output.mp4,1446623,1446623,3207,1219,0,Bactrocera dorsalis,0,0,enter,1,220,1312.79,685.84,0.9316,0,0,tracked_enter,,376,,,,
output.mp4,1467843,1467843,3208,1220,0,Bactrocera dorsalis,0,0,enter,1,221,1310.57,758.77,0.9551,0,0,tracked_enter,,377,,,,
output.mp4,1468533,1468533,3208,1220,0,Bactrocera dorsalis,0,0,exit,-1,220,1024.99,672.99,0.9414,0,0,tracked_exit,,377,1220,,,
output.mp4,1474184,1474184,3218,1223,0,Bactrocera dorsalis,0,0,enter,1,221,1085.63,631.58,0.7881,0,0,tracked_enter,,378,,,,
output.mp4,1489819,1489819,3220,1225,0,Bactrocera dorsalis,0,0,enter,1,222,1130.02,602.84,0.894,0,0,tracked_enter,,379,,,,
output.mp4,1498481,1498481,3227,1227,0,Bactrocera dorsalis,0,0,enter,1,223,1096.72,824.26,0.9448,0,0,tracked_enter,,380,,,,
output.mp4,1510065,1510065,3231,1228,0,Bactrocera dorsalis,0,0,enter,1,224,1269.81,646.59,0.9419,0,0,tracked_enter,,381,,,,
output.mp4,1510534,1510534,3231,1228,0,Bactrocera dorsalis,0,0,exit,-1,223,1178.84,554.3,0.875,0,0,tracked_exit,,381,1228,,,
output.mp4,1512479,1512479,3236,1229,0,Bactrocera dorsalis,0,0,exit,-1,222,1050.85,834.26,0.9399,0,0,recovered_exit,inner_start,336,1132,0.9581824037660005,0,1
output.mp4,1512509,1512509,3239,1230,0,Bactrocera dorsalis,0,0,enter,1,223,1070.72,792.15,0.937,0,0,tracked_enter,,382,,,,
output.mp4,1513682,1513682,3245,1232,0,Bactrocera dorsalis,0,0,enter,1,224,1053.1,694.5,0.8418,0,0,tracked_enter,,383,,,,
output.mp4,1513847,1513847,3245,1232,0,Bactrocera dorsalis,0,0,exit,-1,223,1029.38,661.4,0.9204,0,0,tracked_exit,,383,1232,,,
output.mp4,1513997,1513997,3245,1232,0,Bactrocera dorsalis,0,0,enter,1,224,1056.65,763.7,0.9268,0,0,tracked_enter,,384,,,,
output.mp4,1517612,1517612,3245,1232,0,Bactrocera dorsalis,0,0,exit,-1,223,1018.96,717.41,0.9302,0,0,tracked_exit,,384,1232,,,
output.mp4,1517773,1517773,3245,1232,0,Bactrocera dorsalis,0,0,enter,1,224,1051.34,749.04,0.9116,0,0,tracked_enter,,385,,,,
output.mp4,1517914,1517914,3245,1232,0,Bactrocera dorsalis,0,0,exit,-1,223,1020.3,695.03,0.9141,0,0,tracked_exit,,385,1232,,,
output.mp4,1518331,1518331,3245,1232,0,Bactrocera dorsalis,0,0,enter,1,224,1075.31,802.57,0.9385,0,0,tracked_enter,,386,,,,
output.mp4,1518491,1518491,3262,1236,0,Bactrocera dorsalis,0,0,enter,1,225,1246.45,828.92,0.9209,0,0,tracked_enter,,387,,,,
output.mp4,1518676,1518676,3273,1239,0,Bactrocera dorsalis,0,0,enter,1,226,1299.81,667.45,0.9341,0,0,tracked_enter,,388,,,,
output.mp4,1518688,1518688,3262,1236,0,Bactrocera dorsalis,0,0,exit,-1,225,1075.57,592.26,0.916,0,0,tracked_exit,,387,1236,,,
output.mp4,1518769,1518769,3262,1236,0,Bactrocera dorsalis,0,0,enter,1,226,1074.37,645.24,0.8687,0,0,tracked_enter,,389,,,,
output.mp4,1518791,1518791,3273,1239,0,Bactrocera dorsalis,0,0,exit,-1,225,1019.03,703.97,0.9238,0,0,tracked_exit,,388,1239,,,
output.mp4,1518900,1518900,3262,1236,0,Bactrocera dorsalis,0,0,exit,-1,224,1081.08,594.79,0.916,0,0,tracked_exit,,389,1236,,,
output.mp4,1518901,1518901,3273,1239,0,Bactrocera dorsalis,0,0,enter,1,225,1144.29,852.07,0.9463,0,0,tracked_enter,,390,,,,
output.mp4,1518928,1518928,3273,1239,0,Bactrocera dorsalis,0,0,exit,-1,224,1286.18,587.65,0.9321,0,0,tracked_exit,,390,1239,,,
output.mp4,1519062,1519062,3273,1239,0,Bactrocera dorsalis,0,0,enter,1,225,1102.17,622.25,0.8633,0,0,tracked_enter,,391,,,,
output.mp4,1538991,1538991,3300,1245,0,Bactrocera dorsalis,0,0,enter,1,226,1210.32,855.18,0.938,0,0,tracked_enter,,392,,,,
