video,video_frame,global_frame,track_id,logical_track_id,cls_id,class_name,direction,delta,count_after,center_x,center_y,conf,stitched,stitch_gap_frames
08-41-24.mp4,2823,2823,12,2,1,Bactrocera dorsalis,enter,1,1,1250.97,608.5,0.8901,0,0
08-41-24.mp4,2886,2886,12,2,1,Bactrocera dorsalis,exit,-1,0,1239.2,566.3,0.8511,0,0
08-41-24.mp4,4461,4461,12,2,1,Bactrocera dorsalis,enter,1,1,1176.86,590.61,0.8511,0,0
08-41-24.mp4,4806,4806,12,2,1,Bactrocera dorsalis,exit,-1,0,1167.92,558.91,0.8931,0,0
08-41-24.mp4,14099,14099,562,69,0,Bactrocera correcta,enter,1,1,1251.85,608.82,0.9004,0,0
08-41-24.mp4,16724,16724,944,113,0,Bactrocera correcta,enter,1,2,1202.28,594.63,0.8643,0,0
08-41-24.mp4,16794,16794,944,113,0,Bactrocera correcta,exit,-1,1,1083.5,591.59,0.8989,0,0
08-41-24.mp4,17982,17982,1256,162,1,Bactrocera dorsalis,enter,1,1,1060.26,764.39,0.8438,0,0
08-41-24.mp4,18753,18753,1310,165,0,Bactrocera correcta,enter,1,2,1074.27,793.32,0.7104,1,13
08-41-24.mp4,18844,18844,1310,165,0,Bactrocera correcta,exit,-1,1,1017.11,572.4,0.6187,1,13
08-41-24.mp4,18990,18990,1256,162,1,Bactrocera dorsalis,exit,-1,0,1306.23,836.14,0.8989,0,0
08-41-24.mp4,20350,20350,1886,242,0,Bactrocera correcta,enter,1,2,1289.9,807.65,0.8511,0,0
08-41-24.mp4,22764,22764,2142,277,1,Bactrocera dorsalis,enter,1,1,1110.97,616.8,0.873,0,0
08-41-24.mp4,22932,22932,2142,277,1,Bactrocera dorsalis,exit,-1,0,1331.23,803.61,0.8682,0,0
08-41-24.mp4,23064,23064,2065,269,1,Bactrocera dorsalis,enter,1,1,1049.92,739.01,0.8501,0,0
08-41-24.mp4,23103,23103,2065,269,1,Bactrocera dorsalis,exit,-1,0,1019.09,748.96,0.8521,0,0
08-41-24.mp4,24837,24837,2019,265,0,Bactrocera correcta,enter,1,3,1213.92,855.21,0.8188,0,0
08-41-24.mp4,25001,25001,2019,265,0,Bactrocera correcta,exit,-1,2,1302.48,840.52,0.9048,0,0
08-41-24.mp4,25184,25184,2019,265,0,Bactrocera correcta,enter,1,3,1206.55,853.77,0.7324,0,0
08-41-24.mp4,25186,25186,2019,265,0,Bactrocera correcta,exit,-1,2,1215.32,892.84,0.8726,0,0
08-41-24.mp4,25277,25277,2019,265,0,Bactrocera correcta,enter,1,3,1197.06,855.56,0.7759,0,0
08-41-24.mp4,25311,25311,2398,327,0,Bactrocera correcta,enter,1,4,1180.98,820.62,0.457,1,27
08-41-24.mp4,25350,25350,2019,265,0,Bactrocera correcta,exit,-1,3,1173.0,891.45,0.8398,0,0
08-41-24.mp4,25373,25373,2398,327,0,Bactrocera correcta,exit,-1,2,1190.63,903.41,0.7358,1,27
08-41-24.mp4,25409,25409,2019,265,0,Bactrocera correcta,enter,1,3,1202.23,856.59,0.7827,0,0
08-41-24.mp4,25611,25611,2425,334,0,Bactrocera correcta,enter,1,4,1292.56,800.56,0.8799,1,18
08-41-24.mp4,26102,26102,2019,265,0,Bactrocera correcta,exit,-1,3,1217.82,562.3,0.7852,1,3
08-41-24.mp4,26503,26503,2579,357,0,Bactrocera correcta,enter,1,4,1050.83,739.7,0.5601,1,2
08-41-24.mp4,26515,26515,2579,357,0,Bactrocera correcta,exit,-1,3,1008.65,747.41,0.8105,1,2
08-41-24.mp4,26547,26547,2425,357,0,Bactrocera correcta,enter,1,4,1090.14,627.66,0.8481,1,1
08-41-24.mp4,27339,27339,2775,392,0,Bactrocera correcta,enter,1,5,1258.56,661.95,0.7388,1,3
08-41-24.mp4,28259,28259,2602,366,0,Bactrocera correcta,enter,1,6,1076.15,797.76,0.7905,0,0
08-41-24.mp4,28933,28933,2863,408,1,Bactrocera dorsalis,enter,1,1,1134.9,849.46,0.8174,0,0
08-41-24.mp4,30775,30775,2905,417,0,Bactrocera correcta,enter,1,7,1056.86,684.38,0.8511,0,0
08-41-24.mp4,30962,30962,2905,417,0,Bactrocera correcta,exit,-1,6,1047.54,629.75,0.8276,0,0
08-41-24.mp4,31374,31374,3330,504,0,Bactrocera correcta,enter,1,7,1312.31,683.08,0.7026,0,0
08-41-24.mp4,31932,31932,3291,493,1,Bactrocera dorsalis,enter,1,2,1227.59,597.15,0.8833,0,0
08-41-24.mp4,32099,32099,3291,493,1,Bactrocera dorsalis,exit,-1,1,1026.13,675.06,0.8696,0,0
08-41-24.mp4,33373,33373,3301,495,1,Bactrocera dorsalis,enter,1,2,1091.3,625.9,0.8696,0,0
08-41-24.mp4,37985,37985,3849,603,0,Bactrocera correcta,enter,1,8,1226.21,595.96,0.873,0,0
08-41-24.mp4,38008,38008,3849,603,0,Bactrocera correcta,exit,-1,7,1140.53,563.84,0.8706,0,0
08-41-24.mp4,38193,38193,3849,603,0,Bactrocera correcta,enter,1,8,1050.1,714.87,0.8599,0,0
08-41-24.mp4,38406,38406,3849,603,0,Bactrocera correcta,exit,-1,7,1018.41,722.93,0.874,0,0
08-41-24.mp4,38449,38449,3849,603,0,Bactrocera correcta,enter,1,8,1091.54,626.08,0.8843,0,0
08-41-24.mp4,38477,38477,3849,603,0,Bactrocera correcta,exit,-1,7,1159.62,558.83,0.8848,0,0
08-41-24.mp4,41076,41076,4089,661,1,Bactrocera dorsalis,enter,1,3,1267.07,617.66,0.8608,0,0
08-41-24.mp4,42684,42684,4040,640,1,Bactrocera dorsalis,enter,1,4,1101.6,617.2,0.8799,1,11
08-41-24.mp4,44191,44191,3040,442,0,Bactrocera correcta,enter,1,8,1287.84,650.81,0.8569,0,0
08-41-24.mp4,44799,44799,4298,710,1,Bactrocera dorsalis,enter,1,5,1056.38,690.1,0.9058,0,0
08-41-24.mp4,45679,45679,4337,718,0,Bactrocera correcta,enter,1,9,1079.89,809.74,0.6621,1,10
08-41-24.mp4,45704,45704,4337,718,0,Bactrocera correcta,exit,-1,8,1042.82,812.11,0.8481,1,10
08-41-24.mp4,46030,46030,4337,718,0,Bactrocera correcta,enter,1,9,1072.39,799.75,0.8081,1,10
08-41-24.mp4,49339,49339,4459,757,1,Bactrocera dorsalis,enter,1,6,1317.02,702.3,0.894,0,0
08-41-24.mp4,49365,49365,4459,757,1,Bactrocera dorsalis,exit,-1,5,1341.41,673.78,0.8501,0,0
08-41-24.mp4,50300,50300,4759,799,0,Bactrocera correcta,enter,1,10,1316.7,739.9,0.8345,0,0
08-41-24.mp4,50724,50724,4551,780,0,Bactrocera correcta,enter,1,11,1104.83,615.44,0.876,0,0
08-41-24.mp4,50999,50999,4974,837,0,Bactrocera correcta,enter,1,12,1231.52,605.34,0.6738,0,0
08-41-24.mp4,51017,51017,4464,760,0,Bactrocera correcta,enter,1,13,1277.91,631.31,0.7881,0,0
08-41-24.mp4,51025,51025,4464,760,0,Bactrocera correcta,exit,-1,12,1272.11,583.94,0.8389,0,0
08-41-24.mp4,52090,52090,4874,813,0,Bactrocera correcta,enter,1,13,1316.12,750.59,0.7842,0,0
08-41-24.mp4,52361,52361,4874,813,0,Bactrocera correcta,exit,-1,12,1346.95,755.97,0.8428,0,0
08-41-24.mp4,52559,52559,4874,813,0,Bactrocera correcta,enter,1,13,1315.77,749.74,0.832,0,0
08-41-24.mp4,52607,52607,4874,813,0,Bactrocera correcta,exit,-1,12,1345.48,762.96,0.8843,0,0
08-41-24.mp4,55004,55004,5120,862,0,Bactrocera correcta,enter,1,13,1317.88,736.64,0.8408,0,0
08-41-24.mp4,55574,55574,5238,862,0,Bactrocera correcta,exit,-1,12,1323.0,620.64,0.752,1,15
08-41-24.mp4,55708,55708,5238,862,0,Bactrocera correcta,enter,1,13,1261.14,614.4,0.8672,1,15
08-41-24.mp4,55777,55777,5238,862,0,Bactrocera correcta,exit,-1,12,1285.12,592.65,0.8242,1,15
08-41-24.mp4,55837,55837,5238,862,0,Bactrocera correcta,enter,1,13,1265.08,621.03,0.8887,1,15
08-41-24.mp4,57444,57444,5389,918,1,Bactrocera dorsalis,enter,1,6,1096.24,623.35,0.8799,0,0
08-41-24.mp4,59197,59197,5410,922,0,Bactrocera correcta,enter,1,14,1289.94,645.13,0.8164,0,0
08-41-24.mp4,59485,59485,5410,922,0,Bactrocera correcta,exit,-1,13,1240.96,879.38,0.8081,1,1
08-41-24.mp4,59996,59996,5397,920,0,Bactrocera correcta,enter,1,14,1171.4,593.34,0.4902,0,0
08-41-24.mp4,60292,60292,5636,976,1,Bactrocera dorsalis,enter,1,7,1121.68,606.3,0.8633,0,0
08-41-24.mp4,60420,60420,5669,920,0,Bactrocera correcta,exit,-1,13,1201.74,559.82,0.8174,1,3
08-41-24.mp4,60779,60779,5669,920,0,Bactrocera correcta,enter,1,14,1223.29,596.3,0.5815,1,3
08-41-24.mp4,61241,61241,5782,1008,0,Bactrocera correcta,enter,1,15,1218.63,593.67,0.8447,0,0
08-41-24.mp4,61279,61279,5782,1008,0,Bactrocera correcta,exit,-1,14,1224.08,563.69,0.8613,0,0
08-41-24.mp4,61608,61608,5732,992,1,Bactrocera dorsalis,enter,1,8,1256.4,610.12,0.8843,0,0
08-41-24.mp4,63179,63179,5862,1026,1,Bactrocera dorsalis,enter,1,9,1240.12,601.24,0.8706,1,2
08-41-24.mp4,63288,63288,5862,1026,1,Bactrocera dorsalis,exit,-1,8,1267.21,581.41,0.8809,1,2
08-41-24.mp4,63579,63579,5862,1026,1,Bactrocera dorsalis,enter,1,9,1262.38,615.02,0.8682,1,2
08-41-24.mp4,63682,63682,5862,1026,1,Bactrocera dorsalis,exit,-1,8,1144.08,560.1,0.8389,1,2
08-41-24.mp4,67972,67972,5879,1030,0,Bactrocera correcta,enter,1,15,1274.68,634.59,0.8823,0,0
08-41-24.mp4,67980,67980,6501,1134,0,Bactrocera correcta,enter,1,16,1206.71,594.86,0.8613,0,0
08-41-24.mp4,67981,67981,5879,1030,0,Bactrocera correcta,exit,-1,15,1336.6,649.97,0.8579,0,0
08-41-24.mp4,68139,68139,6527,1139,1,Bactrocera dorsalis,enter,1,9,1096.25,635.75,0.8613,0,0
08-41-24.mp4,68347,68347,6595,1139,1,Bactrocera dorsalis,exit,-1,8,1013.03,708.97,0.874,1,5
08-41-24.mp4,68538,68538,6608,1152,0,Bactrocera correcta,enter,1,16,1298.1,658.55,0.8232,0,0
08-41-24.mp4,68693,68693,6608,1152,0,Bactrocera correcta,exit,-1,15,1312.62,616.5,0.8716,0,0
08-41-24.mp4,71069,71069,7033,1202,0,Bactrocera correcta,enter,1,16,1132.69,599.67,0.8613,0,0
08-41-24.mp4,72899,72899,7306,1253,1,Bactrocera dorsalis,enter,1,9,1136.23,847.66,0.8032,0,0
08-41-24.mp4,72930,72930,7306,1253,1,Bactrocera dorsalis,exit,-1,8,1178.34,890.61,0.8345,0,0
08-41-24.mp4,73222,73222,7306,1253,1,Bactrocera dorsalis,enter,1,9,1299.19,664.2,0.8398,0,0
08-41-24.mp4,73263,73263,7315,1254,1,Bactrocera dorsalis,enter,1,10,1094.62,623.67,0.8799,0,0
08-41-24.mp4,74502,74502,7315,1254,1,Bactrocera dorsalis,exit,-1,9,1088.33,584.3,0.8843,0,0
08-41-24.mp4,75846,75846,7511,1306,0,Bactrocera correcta,enter,1,17,1086.75,631.78,0.9087,0,0
08-41-24.mp4,76161,76161,7544,1312,1,Bactrocera dorsalis,enter,1,10,1263.39,831.36,0.8784,0,0
08-41-24.mp4,78299,78299,7995,1409,0,Bactrocera correcta,enter,1,18,1306.3,777.91,0.8491,1,9
08-41-24.mp4,78496,78496,7995,1409,0,Bactrocera correcta,exit,-1,17,1339.73,798.45,0.8706,1,9
08-41-24.mp4,78888,78888,8107,1133,0,Bactrocera correcta,enter,1,18,1150.2,668.7,0.5928,1,28
08-41-24.mp4,81744,81744,8189,1443,1,Bactrocera dorsalis,enter,1,11,1316.54,740.87,0.7891,1,22
08-41-24.mp4,81766,81766,8189,1443,1,Bactrocera dorsalis,exit,-1,10,1341.91,773.11,0.8232,1,22
08-41-24.mp4,81782,81782,8425,1514,1,Bactrocera dorsalis,enter,1,11,1317.41,711.91,0.7461,0,0
08-41-24.mp4,81788,81788,8566,1546,1,Bactrocera dorsalis,enter,1,12,1313.71,740.41,0.4727,0,0
08-41-24.mp4,82510,82510,8557,1543,1,Bactrocera dorsalis,enter,1,13,1050.76,731.09,0.8662,0,0
08-41-24.mp4,83872,83872,8189,1443,1,Bactrocera dorsalis,enter,1,14,1174.18,858.31,0.7788,1,22
08-41-24.mp4,84264,84264,8189,1443,1,Bactrocera dorsalis,exit,-1,13,1045.93,816.25,0.8418,1,22
08-41-24.mp4,84603,84603,8844,1596,1,Bactrocera dorsalis,enter,1,14,1289.41,807.79,0.8662,0,0
08-41-24.mp4,85888,85888,8896,1609,1,Bactrocera dorsalis,enter,1,15,1056.34,684.87,0.8652,0,0
08-41-24.mp4,86018,86018,8896,1609,1,Bactrocera dorsalis,exit,-1,14,1270.06,865.78,0.8911,0,0
08-41-24.mp4,86214,86214,8990,1624,0,Bactrocera correcta,enter,1,19,1310.22,678.76,0.8716,0,0
08-41-24.mp4,86254,86254,8990,1624,0,Bactrocera correcta,exit,-1,18,1331.29,649.34,0.8623,0,0
08-41-24.mp4,86442,86442,9007,1629,1,Bactrocera dorsalis,enter,1,15,1278.14,627.3,0.793,0,0
08-41-24.mp4,86986,86986,8113,1437,1,Bactrocera dorsalis,enter,1,16,1318.16,738.21,0.8208,1,1
08-41-24.mp4,87155,87155,8896,1609,1,Bactrocera dorsalis,enter,1,17,1315.12,740.51,0.8057,0,0
08-41-24.mp4,87404,87404,8896,1609,1,Bactrocera dorsalis,exit,-1,16,1308.91,603.87,0.8774,0,0
08-41-24.mp4,88131,88131,9183,1660,0,Bactrocera correcta,enter,1,19,1078.5,641.48,0.875,1,25
08-41-24.mp4,88170,88170,9292,1679,1,Bactrocera dorsalis,enter,1,17,1277.61,820.29,0.8696,0,0
08-41-24.mp4,88289,88289,9292,1679,1,Bactrocera dorsalis,exit,-1,16,1231.86,565.36,0.8809,0,0
08-41-24.mp4,88306,88306,9398,1693,0,Bactrocera correcta,enter,1,20,1111.45,696.15,0.7056,0,0
08-41-24.mp4,88350,88350,9529,1704,0,Bactrocera correcta,enter,1,21,1316.93,732.17,0.8589,0,0
08-41-24.mp4,89197,89197,9806,1738,0,Bactrocera correcta,enter,1,22,1063.42,664.97,0.8267,0,0
08-41-24.mp4,90353,90353,10118,1776,0,Bactrocera correcta,enter,1,23,1078.25,807.17,0.8105,0,0
08-41-24.mp4,90962,90962,10325,1794,0,Bactrocera correcta,enter,1,24,1150.26,853.86,0.855,0,0
08-41-24.mp4,91964,91964,10406,1808,1,Bactrocera dorsalis,enter,1,17,1229.55,599.56,0.8687,0,0
08-41-24.mp4,92478,92478,9444,1701,0,Bactrocera correcta,enter,1,25,1062.17,782.09,0.814,0,0
08-41-24.mp4,92694,92694,10406,1808,1,Bactrocera dorsalis,exit,-1,16,1311.91,839.89,0.9014,0,0
08-41-24.mp4,92821,92821,10406,1808,1,Bactrocera dorsalis,enter,1,17,1316.13,734.64,0.9111,0,0
08-41-24.mp4,92882,92882,10406,1808,1,Bactrocera dorsalis,exit,-1,16,1301.91,843.29,0.8579,0,0
08-41-24.mp4,94703,94703,10687,1849,1,Bactrocera dorsalis,enter,1,17,1256.46,613.84,0.8301,0,0
08-41-24.mp4,94781,94781,10687,1849,1,Bactrocera dorsalis,exit,-1,16,1015.09,777.13,0.8916,0,0
08-41-24.mp4,95173,95173,10781,1868,0,Bactrocera correcta,enter,1,26,1311.71,684.96,0.853,0,0
08-41-24.mp4,97695,97695,11311,1946,0,Bactrocera correcta,enter,1,27,1109.16,673.2,0.7266,1,23
08-41-24.mp4,98341,98341,11447,1975,0,Bactrocera correcta,enter,1,28,1055.15,761.9,0.7734,0,0
08-41-24.mp4,98360,98360,11447,1975,0,Bactrocera correcta,exit,-1,27,1027.82,780.03,0.8481,0,0
08-41-24.mp4,98389,98389,11447,1975,0,Bactrocera correcta,enter,1,28,1056.22,764.92,0.8311,0,0
08-41-24.mp4,98624,98624,11481,1982,0,Bactrocera correcta,enter,1,29,1101.39,830.68,0.8521,0,0
08-41-24.mp4,98638,98638,11447,1975,0,Bactrocera correcta,exit,-1,28,1243.94,569.11,0.8579,0,0
08-41-24.mp4,101224,101224,11372,1961,0,Bactrocera correcta,enter,1,29,1090.63,819.01,0.814,0,0
08-41-24.mp4,101811,101811,11795,2051,1,Bactrocera dorsalis,enter,1,17,1052.24,708.57,0.8623,0,0
08-41-24.mp4,103519,103519,11773,2045,1,Bactrocera dorsalis,enter,1,18,1316.46,733.73,0.8975,0,0
08-41-24.mp4,105748,105748,12361,2158,1,Bactrocera dorsalis,enter,1,19,1056.88,679.56,0.8354,0,0
08-41-24.mp4,106624,106624,12427,2177,0,Bactrocera correcta,enter,1,30,1233.42,599.08,0.874,0,0
08-41-24.mp4,106691,106691,12434,2181,1,Bactrocera dorsalis,enter,1,20,1171.86,857.42,0.8438,0,0
08-41-24.mp4,109225,109225,12930,2125,0,Bactrocera correcta,enter,1,31,1291.14,736.38,0.7124,1,2
08-41-24.mp4,113243,113243,13231,2286,0,Bactrocera correcta,enter,1,32,1229.24,597.29,0.8916,0,0
08-41-24.mp4,115018,115018,13390,2315,0,Bactrocera correcta,enter,1,33,1257.04,613.2,0.8726,1,1
08-41-24.mp4,115054,115054,13390,2315,0,Bactrocera correcta,exit,-1,32,1260.45,575.35,0.8901,1,1
08-41-24.mp4,115410,115410,13480,2322,1,Bactrocera dorsalis,enter,1,21,1178.28,592.31,0.854,0,0
08-41-24.mp4,115463,115463,13480,2322,1,Bactrocera dorsalis,exit,-1,20,1092.09,572.36,0.709,0,0
08-41-24.mp4,118318,118318,13718,2356,0,Bactrocera correcta,enter,1,33,1246.69,837.12,0.876,0,0
08-41-24.mp4,127738,127738,14425,2457,0,Bactrocera correcta,enter,1,34,1108.05,614.35,0.7944,0,0
08-41-24.mp4,130310,130310,14735,2498,0,Bactrocera correcta,enter,1,35,1306.12,774.3,0.8408,0,0
08-41-24.mp4,130375,130375,14735,2498,0,Bactrocera correcta,exit,-1,34,1328.64,807.06,0.8911,0,0
08-41-24.mp4,130576,130576,14735,2498,0,Bactrocera correcta,enter,1,35,1316.45,713.99,0.8784,0,0
08-41-24.mp4,131012,131012,14735,2498,0,Bactrocera correcta,exit,-1,34,1352.09,700.62,0.8872,0,0
08-41-24.mp4,132679,132679,14735,2498,0,Bactrocera correcta,enter,1,35,1305.83,778.74,0.8613,0,0
08-41-24.mp4,132852,132852,14735,2498,0,Bactrocera correcta,exit,-1,34,1305.35,838.11,0.8887,0,0
08-41-24.mp4,132928,132928,14682,2493,0,Bactrocera correcta,enter,1,35,1318.87,728.73,0.8428,0,0
08-41-24.mp4,133186,133186,15067,2543,1,Bactrocera dorsalis,enter,1,21,1062.14,714.87,0.7944,0,0
08-41-24.mp4,133189,133189,15067,2543,1,Bactrocera dorsalis,exit,-1,20,1214.03,557.16,0.832,0,0
08-41-24.mp4,135640,135640,15237,2556,1,Bactrocera dorsalis,enter,1,21,1070.21,795.28,0.8174,0,0
08-41-24.mp4,135706,135706,15237,2556,1,Bactrocera dorsalis,exit,-1,20,1022.82,682.7,0.8481,0,0
08-41-24.mp4,135930,135930,15237,2556,1,Bactrocera dorsalis,enter,1,21,1181.03,592.12,0.8613,0,0
08-41-24.mp4,136020,136020,15237,2556,1,Bactrocera dorsalis,exit,-1,20,1326.01,826.77,0.8511,0,0
08-41-24.mp4,136048,136048,15249,2558,1,Bactrocera dorsalis,enter,1,21,1279.29,634.39,0.8857,0,0
08-41-24.mp4,136064,136064,15237,2556,1,Bactrocera dorsalis,enter,1,22,1313.79,745.83,0.9058,0,0
08-41-24.mp4,136519,136519,15333,2569,0,Bactrocera correcta,enter,1,36,1182.18,592.51,0.8857,1,2
08-41-24.mp4,136913,136913,15333,2569,0,Bactrocera correcta,exit,-1,35,1326.7,638.22,0.8608,1,2
08-41-24.mp4,137764,137764,15313,2568,0,Bactrocera correcta,enter,1,36,1235.11,600.2,0.8887,0,0
08-41-24.mp4,137772,137772,15313,2568,0,Bactrocera correcta,exit,-1,35,1154.68,556.71,0.8818,0,0
08-41-24.mp4,141890,141890,15570,2609,0,Bactrocera correcta,enter,1,36,1082.91,635.36,0.8267,0,0
08-41-24.mp4,143504,143504,15615,2614,1,Bactrocera dorsalis,enter,1,23,1108.57,614.76,0.8643,0,0
08-41-24.mp4,145643,145643,15645,2618,1,Bactrocera dorsalis,enter,1,24,1160.48,856.15,0.7563,0,0
08-41-24.mp4,145712,145712,15274,2369,0,Bactrocera correcta,enter,1,37,1281.8,630.95,0.8784,1,3
08-41-24.mp4,150923,150923,15943,2668,1,Bactrocera dorsalis,enter,1,25,1061.05,777.38,0.8706,0,0
08-41-24.mp4,151031,151031,15943,2668,1,Bactrocera dorsalis,exit,-1,24,1031.88,657.07,0.8438,0,0
08-41-24.mp4,151251,151251,15943,2668,1,Bactrocera dorsalis,enter,1,25,1193.08,590.32,0.8662,0,0
08-41-24.mp4,160515,160515,16407,2750,0,Bactrocera correcta,enter,1,38,1062.46,782.59,0.7983,0,0
08-41-24.mp4,160791,160791,16521,2761,0,Bactrocera correcta,enter,1,39,1056.46,688.25,0.8501,0,0
08-41-24.mp4,160850,160850,16521,2761,0,Bactrocera correcta,exit,-1,38,1069.47,849.12,0.8716,0,0
08-41-24.mp4,166322,166322,16734,2804,0,Bactrocera correcta,enter,1,39,1227.37,597.84,0.8662,0,0
08-41-24.mp4,177377,177377,17296,2885,0,Bactrocera correcta,enter,1,40,1244.41,605.91,0.8926,0,0
08-41-24.mp4,177399,177399,17296,2885,0,Bactrocera correcta,exit,-1,39,1186.11,556.24,0.8438,0,0
08-41-24.mp4,179091,179091,17342,2896,1,Bactrocera dorsalis,enter,1,26,1313.81,727.67,0.8491,0,0
08-41-24.mp4,179137,179137,17342,2896,1,Bactrocera dorsalis,exit,-1,25,1349.44,715.7,0.874,0,0
08-41-24.mp4,180709,180709,17148,2866,0,Bactrocera correcta,enter,1,40,1315.09,707.24,0.8613,0,0
08-41-24.mp4,183093,183093,17551,2921,0,Bactrocera correcta,enter,1,41,1060.38,677.35,0.8223,0,0
08-41-24.mp4,183098,183098,17551,2921,0,Bactrocera correcta,exit,-1,40,1032.57,603.28,0.8589,0,0
08-41-24.mp4,190606,190606,18081,2984,0,Bactrocera correcta,enter,1,41,1099.45,828.8,0.8408,0,0
08-41-24.mp4,190651,190651,18080,2983,1,Bactrocera dorsalis,enter,1,26,1314.09,755.73,0.8833,0,0
08-41-24.mp4,191656,191656,18109,2991,1,Bactrocera dorsalis,enter,1,27,1204.98,857.32,0.874,0,0
09-41-28.mp4,2394,196639,18198,3005,1,Bactrocera dorsalis,enter,1,28,1077.28,643.2,0.8232,0,0
09-41-28.mp4,2579,196824,18198,3005,1,Bactrocera dorsalis,exit,-1,27,1057.14,834.5,0.8706,0,0
09-41-28.mp4,2833,197078,18229,3014,0,Bactrocera correcta,enter,1,42,1268.47,635.28,0.8501,0,0
09-41-28.mp4,3082,197327,18206,3007,0,Bactrocera correcta,enter,1,43,1212.15,592.51,0.8608,0,0
09-41-28.mp4,10827,205072,18642,3076,1,Bactrocera dorsalis,enter,1,28,1206.67,590.97,0.8818,0,0
09-41-28.mp4,10881,205126,18642,3076,1,Bactrocera dorsalis,exit,-1,27,1070.5,601.06,0.8481,0,0
09-41-28.mp4,15537,209782,18767,3109,0,Bactrocera correcta,enter,1,44,1052.53,734.36,0.7549,1,18
09-41-28.mp4,15594,209839,18767,3109,0,Bactrocera correcta,exit,-1,43,1042.4,809.55,0.855,1,18
09-41-28.mp4,15830,210075,18767,3109,0,Bactrocera correcta,enter,1,44,1076.1,802.11,0.7905,1,18
09-41-28.mp4,16867,211112,18859,3118,0,Bactrocera correcta,enter,1,45,1057.28,686.75,0.8926,1,2
09-41-28.mp4,16985,211230,18859,3118,0,Bactrocera correcta,exit,-1,44,1025.67,780.18,0.8613,1,2
09-41-28.mp4,17016,211261,18859,3118,0,Bactrocera correcta,enter,1,45,1092.42,822.56,0.876,1,2
09-41-28.mp4,23434,217679,19009,3141,1,Bactrocera dorsalis,enter,1,28,1282.54,758.71,0.8081,0,0
09-41-28.mp4,39717,233962,19444,3200,1,Bactrocera dorsalis,enter,1,29,1235.9,599.37,0.874,0,0
09-41-28.mp4,39791,234036,19444,3200,1,Bactrocera dorsalis,exit,-1,28,1067.2,849.6,0.9028,0,0
09-41-28.mp4,53106,247351,19922,3279,1,Bactrocera dorsalis,enter,1,29,1197.73,590.97,0.8599,0,0
09-41-28.mp4,53248,247493,19922,3279,1,Bactrocera dorsalis,exit,-1,28,1253.55,573.39,0.9072,0,0
09-41-28.mp4,56003,250248,19947,3284,1,Bactrocera dorsalis,enter,1,29,1271.83,826.04,0.8311,0,0
09-41-28.mp4,60247,254492,20029,3294,0,Bactrocera correcta,enter,1,46,1316.7,729.25,0.8662,0,0
09-41-28.mp4,60284,254529,20029,3294,0,Bactrocera correcta,exit,-1,45,1296.61,599.41,0.8848,0,0
09-41-28.mp4,60701,254946,20057,3297,1,Bactrocera dorsalis,enter,1,30,1064.66,785.3,0.8774,0,0
09-41-28.mp4,64034,258279,20120,3311,0,Bactrocera correcta,enter,1,46,1069.32,791.9,0.8232,0,0
09-41-28.mp4,64735,258980,20120,3311,0,Bactrocera correcta,exit,-1,45,1169.69,556.83,0.8481,0,0
09-41-28.mp4,76476,270721,20543,3369,1,Bactrocera dorsalis,enter,1,31,1291.09,647.28,0.854,0,0
09-41-28.mp4,80512,274757,20850,3421,0,Bactrocera correcta,enter,1,46,1129.34,842.26,0.8521,0,0
09-41-28.mp4,83175,277420,21022,3431,1,Bactrocera dorsalis,enter,1,32,1160.22,593.01,0.8599,0,0
09-41-28.mp4,86811,281056,21120,3446,1,Bactrocera dorsalis,enter,1,33,1274.65,629.08,0.8872,0,0
09-41-28.mp4,86947,281192,21120,3446,1,Bactrocera dorsalis,exit,-1,32,1315.04,827.27,0.8765,0,0
09-41-28.mp4,87642,281887,21120,3446,1,Bactrocera dorsalis,enter,1,33,1239.05,842.51,0.8608,0,0
09-41-28.mp4,88197,282442,21323,3465,0,Bactrocera correcta,enter,1,47,1300.81,791.24,0.8511,0,0
09-41-28.mp4,90007,284252,21438,3479,0,Bactrocera correcta,enter,1,48,1054.28,690.02,0.8511,0,0
09-41-28.mp4,99963,294208,21872,3535,1,Bactrocera dorsalis,enter,1,34,1263.11,618.68,0.8623,0,0
09-41-28.mp4,103330,297575,21479,3486,0,Bactrocera correcta,enter,1,49,1294.19,651.15,0.7744,0,0
09-41-28.mp4,107847,302092,22099,3589,1,Bactrocera dorsalis,enter,1,35,1229.14,846.02,0.875,0,0
09-41-28.mp4,107882,302127,22099,3589,1,Bactrocera dorsalis,exit,-1,34,1097.33,865.59,0.8809,0,0
09-41-28.mp4,108638,302883,22099,3589,1,Bactrocera dorsalis,enter,1,35,1069.91,652.51,0.8643,0,0
09-41-28.mp4,111410,305655,22261,3631,0,Bactrocera correcta,enter,1,50,1148.76,852.66,0.8008,0,0
09-41-28.mp4,116371,310616,22397,3653,1,Bactrocera dorsalis,enter,1,36,1140.17,598.55,0.8208,0,0
09-41-28.mp4,118327,312572,22408,3655,1,Bactrocera dorsalis,enter,1,37,1131.64,845.38,0.895,0,0
09-41-28.mp4,121532,315777,22727,3699,0,Bactrocera correcta,enter,1,51,1247.76,605.46,0.8521,0,0
09-41-28.mp4,121569,315814,22534,3678,0,Bactrocera correcta,enter,1,52,1148.17,850.61,0.8696,0,0
09-41-28.mp4,126057,320302,22890,3718,1,Bactrocera dorsalis,enter,1,38,1057.07,681.02,0.8481,0,0
09-41-28.mp4,138926,333171,23194,3764,1,Bactrocera dorsalis,enter,1,39,1317.35,731.24,0.8887,0,0
09-41-28.mp4,139841,334086,23205,3766,0,Bactrocera correcta,enter,1,53,1291.11,804.04,0.8491,0,0
09-41-28.mp4,141601,335846,23247,3778,1,Bactrocera dorsalis,enter,1,40,1238.62,845.98,0.8608,0,0
09-41-28.mp4,142509,336754,23315,3788,0,Bactrocera correcta,enter,1,54,1305.59,780.28,0.8257,0,0
09-41-28.mp4,144155,338400,23364,3795,0,Bactrocera correcta,enter,1,55,1086.87,632.81,0.8848,0,0
09-41-28.mp4,144187,338432,23360,3792,1,Bactrocera dorsalis,enter,1,41,1082.33,646.09,0.769,0,0
09-41-28.mp4,144261,338506,23364,3795,0,Bactrocera correcta,exit,-1,54,1017.87,717.26,0.8765,0,0
09-41-28.mp4,144271,338516,23360,3792,1,Bactrocera dorsalis,exit,-1,40,1089.31,588.22,0.9019,0,0
09-41-28.mp4,145426,339671,23360,3792,1,Bactrocera dorsalis,enter,1,41,1091.89,628.24,0.8726,0,0
09-41-28.mp4,145525,339770,23360,3792,1,Bactrocera dorsalis,exit,-1,40,1064.4,606.15,0.895,0,0
09-41-28.mp4,145661,339906,23402,3808,0,Bactrocera correcta,enter,1,55,1283.54,813.69,0.8848,0,0
09-41-28.mp4,145734,339979,23402,3808,0,Bactrocera correcta,exit,-1,54,1312.7,831.23,0.8765,0,0
09-41-28.mp4,145772,340017,23402,3808,0,Bactrocera correcta,enter,1,55,1257.05,836.85,0.8511,0,0
09-41-28.mp4,151183,345428,23547,3829,0,Bactrocera correcta,enter,1,56,1273.69,624.81,0.8931,0,0
09-41-28.mp4,151355,345600,23547,3829,0,Bactrocera correcta,exit,-1,55,1340.44,787.78,0.8823,0,0
09-41-28.mp4,153114,347359,23695,3843,0,Bactrocera correcta,enter,1,56,1131.82,846.96,0.814,0,0
09-41-28.mp4,153523,347768,23696,3843,0,Bactrocera correcta,exit,-1,55,1256.14,574.64,0.8706,1,27
09-41-28.mp4,153635,347880,23696,3843,0,Bactrocera correcta,enter,1,56,1252.43,607.81,0.8232,1,27
09-41-28.mp4,153711,347956,23693,3841,0,Bactrocera correcta,enter,1,57,1142.41,597.99,0.8809,0,0
09-41-28.mp4,153735,347980,23697,3844,1,Bactrocera dorsalis,enter,1,41,1058.28,676.55,0.9224,0,0
09-41-28.mp4,153752,347997,23693,3841,0,Bactrocera correcta,exit,-1,56,1190.73,556.37,0.8716,0,0
09-41-28.mp4,159023,353268,23890,3870,0,Bactrocera correcta,enter,1,57,1299.57,655.21,0.8428,0,0
09-41-28.mp4,159568,353813,23812,3860,1,Bactrocera dorsalis,enter,1,42,1224.38,600.88,0.9067,0,0
09-41-28.mp4,159640,353885,23812,3860,1,Bactrocera dorsalis,exit,-1,41,1245.05,561.21,0.8872,0,0
09-41-28.mp4,160215,354460,23956,3878,1,Bactrocera dorsalis,enter,1,42,1151.51,854.12,0.8374,0,0
09-41-28.mp4,160843,355088,23956,3878,1,Bactrocera dorsalis,exit,-1,41,1140.14,564.7,0.8896,0,0
09-41-28.mp4,164062,358307,24143,3899,0,Bactrocera correcta,enter,1,58,1293.42,800.39,0.874,0,0
09-41-28.mp4,164767,359012,24170,3903,0,Bactrocera correcta,enter,1,59,1072.68,651.35,0.8354,0,0
09-41-28.mp4,165332,359577,24206,3910,1,Bactrocera dorsalis,enter,1,42,1055.46,684.3,0.8765,0,0
09-41-28.mp4,165713,359958,24279,3918,0,Bactrocera correcta,enter,1,60,1103.53,616.61,0.8765,0,0
09-41-28.mp4,167578,361823,24302,3922,0,Bactrocera correcta,enter,1,61,1309.42,772.16,0.8291,0,0
09-41-28.mp4,167609,361854,24302,3922,0,Bactrocera correcta,exit,-1,60,1317.83,820.79,0.8613,0,0
09-41-28.mp4,167802,362047,24302,3922,0,Bactrocera correcta,enter,1,61,1314.89,755.34,0.8818,0,0
09-41-28.mp4,167848,362093,24302,3922,0,Bactrocera correcta,exit,-1,60,1345.21,682.84,0.8799,0,0
09-41-28.mp4,169829,364074,24302,3922,0,Bactrocera correcta,enter,1,61,1172.94,589.5,0.8706,0,0
09-41-28.mp4,170021,364266,24361,3930,0,Bactrocera correcta,enter,1,62,1247.16,608.94,0.8569,0,0
09-41-28.mp4,170022,364267,24399,3935,1,Bactrocera dorsalis,enter,1,43,1103.88,616.85,0.8291,0,0
09-41-28.mp4,170083,364328,24361,3930,0,Bactrocera correcta,exit,-1,61,1304.6,609.71,0.876,0,0
09-41-28.mp4,170134,364379,24408,3922,0,Bactrocera correcta,exit,-1,60,1350.48,735.16,0.8643,1,14
09-41-28.mp4,170253,364498,24408,3922,0,Bactrocera correcta,enter,1,61,1308.71,775.31,0.8154,1,14
09-41-28.mp4,170320,364565,24408,3922,0,Bactrocera correcta,exit,-1,60,1325.01,635.45,0.8965,1,14
09-41-28.mp4,170414,364659,24408,3922,0,Bactrocera correcta,enter,1,61,1298.33,655.04,0.8696,1,14
09-41-28.mp4,175616,369861,24579,3974,0,Bactrocera correcta,enter,1,62,1160.54,592.42,0.8716,0,0
09-41-28.mp4,175715,369960,24579,3974,0,Bactrocera correcta,exit,-1,61,1051.95,618.43,0.8696,0,0
09-41-28.mp4,176930,371175,24632,3988,1,Bactrocera dorsalis,enter,1,44,1075.13,803.0,0.8984,0,0
09-41-28.mp4,176971,371216,24632,3988,1,Bactrocera dorsalis,exit,-1,43,1021.68,758.83,0.8799,0,0
09-41-28.mp4,177546,371791,24647,3991,1,Bactrocera dorsalis,enter,1,44,1064.1,665.14,0.8242,0,0
09-41-28.mp4,177657,371902,24647,3991,1,Bactrocera dorsalis,exit,-1,43,1242.85,878.79,0.894,0,0
09-41-28.mp4,177857,372102,24647,3991,1,Bactrocera dorsalis,enter,1,44,1107.51,834.38,0.8872,0,0
09-41-28.mp4,180761,375006,24773,4008,1,Bactrocera dorsalis,enter,1,45,1292.48,804.2,0.8887,0,0
09-41-28.mp4,180787,375032,24773,4008,1,Bactrocera dorsalis,exit,-1,44,1318.59,823.85,0.8672,0,0
09-41-28.mp4,181040,375285,24786,4011,1,Bactrocera dorsalis,enter,1,45,1288.12,805.99,0.9019,0,0
09-41-28.mp4,181127,375372,24809,4014,0,Bactrocera correcta,enter,1,62,1089.28,630.02,0.8154,0,0
09-41-28.mp4,181272,375517,24809,4014,0,Bactrocera correcta,exit,-1,61,1062.84,608.65,0.8901,0,0
09-41-28.mp4,181561,375806,24809,4014,0,Bactrocera correcta,enter,1,62,1136.63,850.18,0.8345,0,0
09-41-28.mp4,187359,381604,25077,4047,0,Bactrocera correcta,enter,1,63,1061.49,668.77,0.8613,0,0
09-41-28.mp4,187421,381666,25077,4047,0,Bactrocera correcta,exit,-1,62,1081.2,590.75,0.9048,0,0
09-41-28.mp4,187723,381968,25101,4049,0,Bactrocera correcta,enter,1,63,1313.41,745.83,0.8726,0,0
09-41-28.mp4,188268,382513,25134,4053,0,Bactrocera correcta,enter,1,64,1242.85,607.03,0.8911,0,0
09-41-28.mp4,188453,382698,25134,4053,0,Bactrocera correcta,exit,-1,63,1214.7,555.69,0.8643,0,0
09-41-28.mp4,190991,385236,25241,4073,0,Bactrocera correcta,enter,1,64,1106.58,831.38,0.854,0,0
09-41-28.mp4,192080,386325,25195,4065,1,Bactrocera dorsalis,enter,1,46,1317.7,708.99,0.8652,0,0
09-41-28.mp4,192138,386383,25195,4065,1,Bactrocera dorsalis,exit,-1,45,1350.3,725.32,0.856,0,0
09-41-28.mp4,194558,388803,25385,4091,1,Bactrocera dorsalis,enter,1,46,1201.13,853.84,0.8208,0,0
09-41-28.mp4,199068,393313,25612,4130,0,Bactrocera correcta,enter,1,65,1143.39,596.37,0.8682,0,0
09-41-28.mp4,200501,394746,25612,4130,0,Bactrocera correcta,exit,-1,64,1174.06,556.65,0.7646,0,0
10-41-29.mp4,1956,397868,25786,4161,1,Bactrocera dorsalis,enter,1,47,1181.07,589.08,0.8223,0,0
10-41-29.mp4,2793,398705,25787,4162,1,Bactrocera dorsalis,enter,1,48,1268.06,618.57,0.915,0,0
10-41-29.mp4,3081,398993,25787,4162,1,Bactrocera dorsalis,exit,-1,47,1298.37,604.91,0.874,0,0
10-41-29.mp4,3436,399348,25745,4130,0,Bactrocera correcta,enter,1,65,1301.07,659.57,0.7637,1,1
10-41-29.mp4,4128,400040,25787,4162,1,Bactrocera dorsalis,enter,1,48,1312.62,707.18,0.8633,0,0
10-41-29.mp4,4293,400205,25787,4162,1,Bactrocera dorsalis,exit,-1,47,1337.84,660.59,0.876,0,0
10-41-29.mp4,6403,402315,25933,4190,0,Bactrocera correcta,enter,1,66,1193.04,589.78,0.8599,0,0
10-41-29.mp4,8372,404284,26062,4212,0,Bactrocera correcta,enter,1,67,1184.52,592.29,0.8887,0,0
10-41-29.mp4,8509,404421,26062,4212,0,Bactrocera correcta,exit,-1,66,1051.53,622.74,0.8682,0,0
10-41-29.mp4,15554,411466,26208,4238,1,Bactrocera dorsalis,enter,1,48,1257.2,835.85,0.8784,0,0
10-41-29.mp4,15570,411482,26208,4238,1,Bactrocera dorsalis,exit,-1,47,1271.55,865.24,0.875,0,0
10-41-29.mp4,16378,412290,26217,4242,0,Bactrocera correcta,enter,1,67,1293.64,799.21,0.8706,0,0
10-41-29.mp4,16777,412689,26341,4261,0,Bactrocera correcta,enter,1,68,1219.87,594.62,0.876,1,4
10-41-29.mp4,16913,412825,26341,4261,0,Bactrocera correcta,exit,-1,67,1236.5,564.7,0.8887,1,4
10-41-29.mp4,29795,425707,26636,4304,0,Bactrocera correcta,enter,1,68,1313.18,700.69,0.8818,0,0
10-41-29.mp4,30388,426300,26683,4310,0,Bactrocera correcta,enter,1,69,1096.4,622.12,0.8662,0,0
10-41-29.mp4,31480,427392,26757,4318,0,Bactrocera correcta,enter,1,70,1115.83,609.37,0.8447,0,0
10-41-29.mp4,41606,437518,27064,4357,0,Bactrocera correcta,enter,1,71,1116.85,839.73,0.8276,1,16
10-41-29.mp4,44765,440677,27443,4403,0,Bactrocera correcta,enter,1,72,1234.32,600.97,0.8232,0,0
10-41-29.mp4,44775,440687,27406,4399,1,Bactrocera dorsalis,enter,1,48,1239.97,846.7,0.8608,0,0
10-41-29.mp4,44845,440757,27087,4367,1,Bactrocera dorsalis,enter,1,49,1315.82,696.0,0.8857,0,0
10-41-29.mp4,45312,441224,27087,4367,1,Bactrocera dorsalis,exit,-1,48,1347.75,699.1,0.8896,0,0
10-41-29.mp4,45508,441420,27087,4367,1,Bactrocera dorsalis,enter,1,49,1203.62,855.89,0.8301,0,0
10-41-29.mp4,45830,441742,27087,4367,1,Bactrocera dorsalis,exit,-1,48,1172.79,558.12,0.8999,0,0
10-41-29.mp4,45883,441795,27087,4367,1,Bactrocera dorsalis,enter,1,49,1209.36,591.68,0.8784,0,0
10-41-29.mp4,46244,442156,27198,4377,0,Bactrocera correcta,enter,1,73,1316.23,710.99,0.8457,0,0
10-41-29.mp4,47995,443907,27509,4416,0,Bactrocera correcta,enter,1,74,1143.72,851.93,0.772,0,0
10-41-29.mp4,48046,443958,27509,4416,0,Bactrocera correcta,exit,-1,73,1126.95,880.27,0.8774,0,0
10-41-29.mp4,48172,444084,27509,4416,0,Bactrocera correcta,enter,1,74,1115.83,837.47,0.8682,0,0
10-41-29.mp4,48183,444095,27509,4416,0,Bactrocera correcta,exit,-1,73,1088.09,868.82,0.8862,0,0
10-41-29.mp4,48975,444887,27541,4426,1,Bactrocera dorsalis,enter,1,50,1194.26,858.4,0.8491,0,0
10-41-29.mp4,49086,444998,27540,4425,0,Bactrocera correcta,enter,1,74,1095.04,823.14,0.855,0,0
10-41-29.mp4,49195,445107,27511,4418,0,Bactrocera correcta,enter,1,75,1212.7,854.77,0.8608,0,0
10-41-29.mp4,50661,446573,27633,4444,0,Bactrocera correcta,enter,1,76,1308.6,672.73,0.9033,1,27
10-41-29.mp4,51074,446986,27682,4448,1,Bactrocera dorsalis,enter,1,51,1316.76,700.93,0.8418,0,0
10-41-29.mp4,57615,453527,28074,4491,1,Bactrocera dorsalis,enter,1,52,1215.18,818.1,0.7007,1,2
10-41-29.mp4,57616,453528,28073,4491,1,Bactrocera dorsalis,exit,-1,51,1301.18,882.77,0.646,1,1
10-41-29.mp4,67737,463649,28630,4530,0,Bactrocera correcta,enter,1,77,1317.55,738.8,0.856,0,0
10-41-29.mp4,67946,463858,28630,4530,0,Bactrocera correcta,exit,-1,76,1356.49,722.08,0.8706,0,0
10-41-29.mp4,68662,464574,28634,4532,0,Bactrocera correcta,enter,1,77,1302.33,659.78,0.8926,0,0
10-41-29.mp4,69843,465755,28695,4544,1,Bactrocera dorsalis,enter,1,52,1309.64,701.98,0.7534,0,0
10-41-29.mp4,69857,465769,28696,4544,1,Bactrocera dorsalis,exit,-1,51,673.7,752.31,0.8457,1,2
10-41-29.mp4,72582,468494,28902,4564,0,Bactrocera correcta,enter,1,78,1243.4,843.71,0.8633,0,0
10-41-29.mp4,72614,468526,28958,4570,1,Bactrocera dorsalis,enter,1,52,1070.34,794.71,0.8931,0,0
10-41-29.mp4,72703,468615,28902,4564,0,Bactrocera correcta,exit,-1,77,1276.49,860.81,0.874,0,0
10-41-29.mp4,72920,468832,28902,4564,0,Bactrocera correcta,enter,1,78,1150.67,854.82,0.6738,0,0
10-41-29.mp4,72947,468859,28902,4564,0,Bactrocera correcta,exit,-1,77,1152.06,902.37,0.5815,0,0
10-41-29.mp4,73041,468953,28902,4564,0,Bactrocera correcta,enter,1,78,1171.49,858.32,0.769,0,0
10-41-29.mp4,73192,469104,28902,4564,0,Bactrocera correcta,exit,-1,77,1224.7,885.62,0.875,0,0
10-41-29.mp4,74140,470052,29075,4589,0,Bactrocera correcta,enter,1,78,1170.94,594.31,0.8848,0,0
10-41-29.mp4,74594,470506,29083,4591,0,Bactrocera correcta,enter,1,79,1124.55,605.74,0.8706,0,0
10-41-29.mp4,74699,470611,29083,4591,0,Bactrocera correcta,exit,-1,78,1111.82,572.42,0.9136,0,0
10-41-29.mp4,76352,472264,29214,4602,0,Bactrocera correcta,enter,1,79,1080.71,799.82,0.8599,0,0
10-41-29.mp4,76615,472527,29245,4602,0,Bactrocera correcta,exit,-1,78,1071.75,601.34,0.8789,1,17
10-41-29.mp4,80141,476053,29394,4623,1,Bactrocera dorsalis,enter,1,53,1310.71,755.44,0.8872,0,0
10-41-29.mp4,84631,480543,29621,4651,0,Bactrocera correcta,enter,1,79,1077.27,798.77,0.8398,0,0
10-41-29.mp4,84706,480618,29621,4651,0,Bactrocera correcta,exit,-1,78,1013.48,744.72,0.8613,0,0
10-41-29.mp4,88500,484412,29711,4664,1,Bactrocera dorsalis,enter,1,54,1218.94,594.29,0.8511,0,0
10-41-29.mp4,88583,484495,29711,4664,1,Bactrocera dorsalis,exit,-1,53,1031.0,793.15,0.8311,0,0
10-41-29.mp4,91374,487286,29860,4684,0,Bactrocera correcta,enter,1,79,1305.91,779.53,0.8521,0,0
10-41-29.mp4,91904,487816,29863,4685,0,Bactrocera correcta,enter,1,80,1170.65,589.7,0.8599,0,0
10-41-29.mp4,94467,490379,29923,4701,0,Bactrocera correcta,enter,1,81,1305.2,779.26,0.8652,0,0
10-41-29.mp4,99789,495701,30049,4724,0,Bactrocera correcta,enter,1,82,1052.73,751.43,0.876,0,0
10-41-29.mp4,99940,495852,30049,4724,0,Bactrocera correcta,exit,-1,81,1040.36,809.2,0.8608,0,0
10-41-29.mp4,101718,497630,30168,4737,0,Bactrocera correcta,enter,1,82,1217.75,594.17,0.8765,0,0
10-41-29.mp4,104970,500882,30499,4776,1,Bactrocera dorsalis,enter,1,54,1278.4,637.82,0.853,0,0
10-41-29.mp4,105077,500989,30545,4777,0,Bactrocera correcta,enter,1,83,1257.74,613.84,0.8521,0,0
10-41-29.mp4,106066,501978,30703,4791,0,Bactrocera correcta,enter,1,84,1115.8,838.67,0.8579,0,0
10-41-29.mp4,108370,504282,30762,4794,0,Bactrocera correcta,enter,1,85,1053.33,752.7,0.8389,1,16
10-41-29.mp4,108803,504715,30762,4794,0,Bactrocera correcta,exit,-1,84,1023.75,763.91,0.8374,1,16
10-41-29.mp4,108842,504754,30762,4794,0,Bactrocera correcta,enter,1,85,1059.25,767.62,0.856,1,16
10-41-29.mp4,110981,506893,30790,4806,0,Bactrocera correcta,enter,1,86,1072.52,649.2,0.8511,0,0
10-41-29.mp4,119966,515878,31213,4852,0,Bactrocera correcta,enter,1,87,1085.2,799.64,0.8032,0,0
10-41-29.mp4,123976,519888,31294,4865,1,Bactrocera dorsalis,enter,1,55,1270.19,827.71,0.9136,0,0
10-41-29.mp4,124726,520638,31318,4871,1,Bactrocera dorsalis,enter,1,56,1121.74,604.92,0.8374,0,0
10-41-29.mp4,128756,524668,31425,4885,0,Bactrocera correcta,enter,1,88,1233.46,600.5,0.855,0,0
10-41-29.mp4,130724,526636,31618,4916,0,Bactrocera correcta,enter,1,89,1087.71,804.06,0.8398,0,0
10-41-29.mp4,131222,527134,31631,4918,0,Bactrocera correcta,enter,1,90,1313.13,702.29,0.8257,0,0
10-41-29.mp4,131252,527164,31631,4918,0,Bactrocera correcta,exit,-1,89,1349.71,731.42,0.8882,0,0
10-41-29.mp4,141794,537706,31960,4963,0,Bactrocera correcta,enter,1,90,1289.85,644.39,0.8672,0,0
10-41-29.mp4,143300,539212,32056,4972,0,Bactrocera correcta,enter,1,91,1239.59,842.39,0.814,0,0
10-41-29.mp4,144029,539941,32108,4978,0,Bactrocera correcta,enter,1,92,1315.67,694.65,0.8823,0,0
10-41-29.mp4,145368,541280,32155,4989,0,Bactrocera correcta,enter,1,93,1277.28,799.38,0.8457,1,3
10-41-29.mp4,147951,543863,32193,4995,0,Bactrocera correcta,enter,1,94,1318.5,712.95,0.8643,0,0
10-41-29.mp4,148624,544536,32258,5004,0,Bactrocera correcta,enter,1,95,1315.56,696.42,0.8662,0,0
10-41-29.mp4,168641,564553,33195,5156,0,Bactrocera correcta,enter,1,96,1055.02,687.88,0.832,0,0
10-41-29.mp4,168881,564793,33195,5156,0,Bactrocera correcta,exit,-1,95,1061.56,612.16,0.8833,0,0
10-41-29.mp4,169599,565511,33276,5162,0,Bactrocera correcta,enter,1,96,1207.49,593.46,0.8706,0,0
10-41-29.mp4,169677,565589,33295,5164,0,Bactrocera correcta,enter,1,97,1203.85,590.81,0.8511,0,0
10-41-29.mp4,169727,565639,33295,5164,0,Bactrocera correcta,exit,-1,96,1202.89,559.23,0.8926,0,0
10-41-29.mp4,169739,565651,33295,5164,0,Bactrocera correcta,enter,1,97,1154.38,598.42,0.873,0,0
10-41-29.mp4,170054,565966,33295,5164,0,Bactrocera correcta,exit,-1,96,1121.13,569.98,0.8726,0,0
10-41-29.mp4,170170,566082,33295,5164,0,Bactrocera correcta,enter,1,97,1290.13,640.84,0.853,0,0
10-41-29.mp4,171210,567122,33324,5173,1,Bactrocera dorsalis,enter,1,57,1312.16,684.48,0.8579,1,1
10-41-29.mp4,171385,567297,33327,5174,0,Bactrocera correcta,enter,1,98,1120.63,843.19,0.8447,0,0
10-41-29.mp4,171555,567467,33327,5174,0,Bactrocera correcta,exit,-1,97,1036.01,648.91,0.8774,0,0
10-41-29.mp4,175797,571709,33813,5223,0,Bactrocera correcta,enter,1,98,1195.69,590.92,0.8857,0,0
10-41-29.mp4,179070,574982,33970,5241,0,Bactrocera correcta,enter,1,99,1086.92,817.39,0.856,0,0
10-41-29.mp4,181200,577112,34029,5248,0,Bactrocera correcta,enter,1,100,1193.17,854.99,0.8491,0,0
10-41-29.mp4,184316,580228,34144,5261,0,Bactrocera correcta,enter,1,101,1149.13,595.4,0.9028,0,0
10-41-29.mp4,185760,581672,34186,5273,0,Bactrocera correcta,enter,1,102,1064.75,783.82,0.8018,0,0
10-41-29.mp4,185900,581812,34186,5273,0,Bactrocera correcta,exit,-1,101,1035.36,796.57,0.8335,0,0
10-41-29.mp4,186268,582180,34186,5273,0,Bactrocera correcta,enter,1,102,1064.49,778.25,0.7075,0,0
10-41-29.mp4,187258,583170,34186,5273,0,Bactrocera correcta,exit,-1,101,1027.71,653.48,0.9019,0,0
10-41-29.mp4,187305,583217,34186,5273,0,Bactrocera correcta,enter,1,102,1063.53,666.88,0.8335,0,0
10-41-29.mp4,187307,583219,34393,5273,0,Bactrocera correcta,exit,-1,101,1048.86,616.68,0.8687,1,1
10-41-29.mp4,187494,583406,34395,5309,0,Bactrocera correcta,enter,1,102,1073.21,646.92,0.854,0,0
10-41-29.mp4,190356,586268,34583,5336,0,Bactrocera correcta,enter,1,103,1108.16,834.41,0.7124,0,0
10-41-29.mp4,191378,587290,34645,5345,1,Bactrocera dorsalis,enter,1,58,1080.63,642.58,0.8521,0,0
10-41-29.mp4,192177,588089,34622,5342,1,Bactrocera dorsalis,enter,1,59,1061.94,672.2,0.8311,0,0
10-41-29.mp4,194813,590725,34743,5368,0,Bactrocera correcta,enter,1,104,1315.56,749.77,0.897,0,0
10-41-29.mp4,194939,590851,34743,5368,0,Bactrocera correcta,exit,-1,103,1311.26,829.78,0.8931,0,0
10-41-29.mp4,195566,591478,34843,5382,1,Bactrocera dorsalis,enter,1,60,1290.63,656.33,0.8706,0,0
10-41-29.mp4,195828,591740,34843,5382,1,Bactrocera dorsalis,exit,-1,59,1232.19,881.84,0.894,0,0
10-41-29.mp4,195867,591779,34843,5382,1,Bactrocera dorsalis,enter,1,60,1099.89,828.91,0.8799,0,0
10-41-29.mp4,196131,592043,34843,5382,1,Bactrocera dorsalis,exit,-1,59,1348.64,766.24,0.8882,0,0
10-41-29.mp4,196492,592404,34926,5398,1,Bactrocera dorsalis,enter,1,60,1235.25,843.84,0.8364,0,0
10-41-29.mp4,196526,592438,34926,5398,1,Bactrocera dorsalis,exit,-1,59,1244.94,886.14,0.8633,0,0
10-41-29.mp4,196573,592485,34926,5398,1,Bactrocera dorsalis,enter,1,60,1241.97,845.3,0.8257,0,0
10-41-29.mp4,196575,592487,34926,5398,1,Bactrocera dorsalis,exit,-1,59,1253.72,878.5,0.8057,0,0
10-41-29.mp4,196585,592497,34935,5402,1,Bactrocera dorsalis,enter,1,60,1124.94,844.92,0.876,0,0
10-41-29.mp4,196620,592532,34926,5398,1,Bactrocera dorsalis,enter,1,61,1317.59,707.56,0.8398,0,0
10-41-29.mp4,196626,592538,34926,5398,1,Bactrocera dorsalis,exit,-1,60,1323.96,635.16,0.8335,0,0
10-41-29.mp4,196641,592553,34945,5403,0,Bactrocera correcta,enter,1,104,1153.51,596.75,0.7607,1,8
10-41-29.mp4,196642,592554,34926,5398,1,Bactrocera dorsalis,enter,1,61,1235.14,601.15,0.8267,0,0
10-41-29.mp4,197988,593900,35026,5424,0,Bactrocera correcta,enter,1,105,1257.51,615.01,0.875,0,0
10-41-29.mp4,198639,594551,34860,5389,0,Bactrocera correcta,enter,1,106,1057.65,676.87,0.8105,0,0
10-41-29.mp4,198816,594728,34860,5389,0,Bactrocera correcta,exit,-1,105,1019.01,731.56,0.8335,0,0
10-41-29.mp4,198879,594791,34860,5389,0,Bactrocera correcta,enter,1,106,1050.15,737.99,0.8311,0,0
10-41-29.mp4,199846,595758,35073,5436,0,Bactrocera correcta,enter,1,107,1313.3,686.71,0.8774,1,28
10-41-29.mp4,200007,595919,34860,5437,0,Bactrocera correcta,enter,1,108,1222.03,853.41,0.8623,0,0
11-41-30.mp4,1658,599208,35302,5410,1,Bactrocera dorsalis,enter,1,62,1140.12,596.94,0.8696,1,1
11-41-30.mp4,2809,600359,35302,5410,1,Bactrocera dorsalis,exit,-1,61,1228.49,883.05,0.8896,1,1
11-41-30.mp4,3579,601129,35471,5490,0,Bactrocera correcta,enter,1,109,1240.77,844.36,0.8428,1,2
11-41-30.mp4,4320,601870,35496,5492,1,Bactrocera dorsalis,enter,1,62,1055.78,759.83,0.8599,0,0
11-41-30.mp4,4696,602246,35518,5495,1,Bactrocera dorsalis,enter,1,63,1120.27,613.25,0.8608,0,0
11-41-30.mp4,4735,602285,35518,5495,1,Bactrocera dorsalis,exit,-1,62,1023.85,668.06,0.8208,0,0
11-41-30.mp4,5280,602830,35559,5498,0,Bactrocera correcta,enter,1,110,1067.18,707.39,0.8301,0,0
11-41-30.mp4,7129,604679,35849,5544,0,Bactrocera correcta,enter,1,111,1273.71,824.01,0.874,0,0
11-41-30.mp4,7151,604701,35849,5544,0,Bactrocera correcta,exit,-1,110,1353.25,698.2,0.8643,0,0
11-41-30.mp4,7172,604722,35849,5544,0,Bactrocera correcta,enter,1,111,1286.45,637.42,0.8784,0,0
11-41-30.mp4,7319,604869,35884,5549,1,Bactrocera dorsalis,enter,1,63,1137.96,627.66,0.769,1,12
11-41-30.mp4,7401,604951,35884,5549,1,Bactrocera dorsalis,exit,-1,62,1100.78,581.38,0.8843,1,12
11-41-30.mp4,7456,605006,35849,5544,0,Bactrocera correcta,exit,-1,110,1254.96,573.24,0.8882,0,0
11-41-30.mp4,7476,605026,35884,5549,0,Bactrocera correcta,enter,1,111,1085.21,634.03,0.8389,1,12
11-41-30.mp4,7539,605089,35849,5544,0,Bactrocera correcta,enter,1,112,1102.5,620.22,0.8662,0,0
11-41-30.mp4,7557,605107,35849,5544,0,Bactrocera correcta,exit,-1,111,1033.18,656.58,0.8955,0,0
11-41-30.mp4,8023,605573,35955,5556,0,Bactrocera correcta,enter,1,112,1318.25,719.36,0.8335,0,0
11-41-30.mp4,9870,607420,36066,5568,1,Bactrocera dorsalis,enter,1,63,1272.02,621.68,0.9053,1,2
11-41-30.mp4,10097,607647,36066,5568,1,Bactrocera dorsalis,exit,-1,62,1281.78,862.16,0.897,1,2
11-41-30.mp4,10468,608018,36080,5563,0,Bactrocera correcta,enter,1,113,1087.79,817.0,0.8774,1,3
11-41-30.mp4,11418,608968,36098,5574,0,Bactrocera correcta,enter,1,114,1297.93,654.36,0.854,0,0
11-41-30.mp4,12245,609795,36175,5587,0,Bactrocera correcta,enter,1,115,1165.72,854.62,0.8662,0,0
11-41-30.mp4,13378,610928,36399,5617,0,Bactrocera correcta,enter,1,116,1090.8,816.84,0.8018,1,2
11-41-30.mp4,14054,611604,36594,5633,0,Bactrocera correcta,enter,1,117,1082.38,638.73,0.8682,0,0
11-41-30.mp4,15171,612721,36601,5636,0,Bactrocera correcta,enter,1,118,1263.61,830.73,0.8613,0,0
11-41-30.mp4,16092,613642,36697,5648,0,Bactrocera correcta,enter,1,119,1194.82,856.5,0.6636,0,0
11-41-30.mp4,16117,613667,36697,5648,0,Bactrocera correcta,exit,-1,118,1194.3,889.34,0.8599,0,0
11-41-30.mp4,16185,613735,36697,5648,0,Bactrocera correcta,enter,1,119,1151.58,853.07,0.8682,0,0
11-41-30.mp4,16803,614353,36826,5659,0,Bactrocera correcta,enter,1,120,1297.17,794.67,0.8623,0,0
11-41-30.mp4,18696,616246,36963,5677,1,Bactrocera dorsalis,enter,1,63,1132.57,601.39,0.8491,0,0
11-41-30.mp4,18921,616471,37027,5685,0,Bactrocera correcta,enter,1,121,1281.88,631.13,0.855,1,2
11-41-30.mp4,19128,616678,37027,5685,0,Bactrocera correcta,exit,-1,120,1276.23,586.85,0.894,1,2
11-41-30.mp4,19190,616740,37027,5685,0,Bactrocera correcta,enter,1,121,1068.98,654.33,0.8521,1,2
11-41-30.mp4,19287,616837,37027,5685,0,Bactrocera correcta,exit,-1,120,1026.42,667.62,0.8799,1,2
11-41-30.mp4,19304,616854,37027,5685,0,Bactrocera correcta,enter,1,121,1063.16,680.71,0.7798,1,2
11-41-30.mp4,19757,617307,37095,5677,1,Bactrocera dorsalis,exit,-1,62,1348.52,755.49,0.8672,1,14
11-41-30.mp4,19795,617345,37095,5677,1,Bactrocera dorsalis,enter,1,63,1300.67,790.5,0.8428,1,14
11-41-30.mp4,19799,617349,37051,5689,1,Bactrocera dorsalis,enter,1,64,1052.3,726.38,0.8975,0,0
11-41-30.mp4,19886,617436,37051,5689,1,Bactrocera dorsalis,exit,-1,63,1349.58,737.6,0.8501,0,0
11-41-30.mp4,19891,617441,37095,5677,1,Bactrocera dorsalis,exit,-1,62,1293.09,848.1,0.772,1,14
11-41-30.mp4,19974,617524,37095,5677,0,Bactrocera correcta,enter,1,122,1316.31,743.89,0.8672,1,14
11-41-30.mp4,20201,617751,37144,5706,1,Bactrocera dorsalis,enter,1,63,1125.2,603.38,0.854,0,0
11-41-30.mp4,20400,617950,37144,5706,1,Bactrocera dorsalis,exit,-1,62,1216.6,561.99,0.8887,0,0
11-41-30.mp4,20409,617959,37164,5709,0,Bactrocera correcta,enter,1,123,1057.22,767.77,0.8472,0,0
11-41-30.mp4,20452,618002,37164,5709,0,Bactrocera correcta,exit,-1,122,1062.04,838.9,0.8623,0,0
11-41-30.mp4,20745,618295,37225,5713,0,Bactrocera correcta,enter,1,123,1157.36,596.25,0.8589,0,0
11-41-30.mp4,20810,618360,37225,5713,0,Bactrocera correcta,exit,-1,122,1334.5,649.81,0.856,0,0
11-41-30.mp4,23691,621241,37348,5724,1,Bactrocera dorsalis,enter,1,63,1266.02,617.23,0.9058,0,0
11-41-30.mp4,25173,622723,37569,5737,0,Bactrocera correcta,enter,1,123,1151.46,854.89,0.8589,1,12
11-41-30.mp4,25254,622804,37568,5744,0,Bactrocera correcta,enter,1,124,1167.63,856.52,0.7705,1,18
11-41-30.mp4,25422,622972,37563,5743,0,Bactrocera correcta,enter,1,125,1269.15,828.12,0.8569,0,0
11-41-30.mp4,25465,623015,37563,5743,0,Bactrocera correcta,exit,-1,124,1292.52,861.13,0.876,0,0
11-41-30.mp4,25599,623149,37563,5743,0,Bactrocera correcta,enter,1,125,1318.0,725.36,0.853,0,0
11-41-30.mp4,27514,625064,37639,5760,0,Bactrocera correcta,enter,1,126,1056.7,679.95,0.7705,0,0
11-41-30.mp4,28444,625994,37662,5765,0,Bactrocera correcta,enter,1,127,1215.01,593.71,0.8887,0,0
11-41-30.mp4,32976,630526,37770,5797,0,Bactrocera correcta,enter,1,128,1266.93,618.92,0.8833,0,0
11-41-30.mp4,39556,637106,38058,5824,0,Bactrocera correcta,enter,1,129,1066.14,659.92,0.875,0,0
11-41-30.mp4,39809,637359,38058,5824,0,Bactrocera correcta,exit,-1,128,1030.33,659.43,0.8799,0,0
11-41-30.mp4,40080,637630,38058,5824,0,Bactrocera correcta,enter,1,129,1150.37,852.86,0.7905,0,0
11-41-30.mp4,40080,637630,38119,5832,0,Bactrocera correcta,enter,1,130,1152.0,853.11,0.5796,1,12
11-41-30.mp4,40106,637656,38058,5824,0,Bactrocera correcta,exit,-1,129,1145.54,884.8,0.8613,0,0
11-41-30.mp4,46672,644222,37729,5782,0,Bactrocera correcta,enter,1,130,1064.69,664.35,0.8818,1,3
11-41-30.mp4,47579,645129,38384,5858,1,Bactrocera dorsalis,enter,1,64,1079.31,643.25,0.8999,0,0
11-41-30.mp4,47662,645212,38384,5858,1,Bactrocera dorsalis,exit,-1,63,1351.48,726.52,0.875,0,0
11-41-30.mp4,47702,645252,38384,5858,1,Bactrocera dorsalis,enter,1,64,1285.11,635.98,0.8911,0,0
11-41-30.mp4,47866,645416,38384,5858,1,Bactrocera dorsalis,exit,-1,63,1120.23,571.53,0.875,0,0
11-41-30.mp4,52289,649839,38790,5905,1,Bactrocera dorsalis,enter,1,64,1111.64,610.3,0.8896,0,0
11-41-30.mp4,55402,652952,39058,5928,1,Bactrocera dorsalis,enter,1,65,1190.16,591.07,0.8335,0,0
11-41-30.mp4,56198,653748,39106,5929,0,Bactrocera correcta,enter,1,131,1110.77,834.97,0.856,0,0
11-41-30.mp4,56271,653821,39106,5929,0,Bactrocera correcta,exit,-1,130,1244.41,877.9,0.8809,0,0
11-41-30.mp4,56922,654472,39119,5932,0,Bactrocera correcta,enter,1,131,1318.97,723.21,0.875,0,0
11-41-30.mp4,57432,654982,39149,5937,0,Bactrocera correcta,enter,1,132,1061.98,779.48,0.8301,0,0
11-41-30.mp4,57630,655180,39149,5937,0,Bactrocera correcta,exit,-1,131,1135.36,565.91,0.8975,0,0
11-41-30.mp4,60270,657820,39266,5952,0,Bactrocera correcta,enter,1,132,1141.54,597.06,0.874,0,0
11-41-30.mp4,61355,658905,39285,5958,0,Bactrocera correcta,enter,1,133,1283.85,812.52,0.853,0,0
11-41-30.mp4,63502,661052,39388,5968,0,Bactrocera correcta,enter,1,134,1242.12,844.48,0.7905,0,0
11-41-30.mp4,63751,661301,39359,5964,0,Bactrocera correcta,enter,1,135,1102.53,829.2,0.8589,0,0
11-41-30.mp4,65886,663436,39461,5982,0,Bactrocera correcta,enter,1,136,1073.19,800.92,0.8242,0,0
11-41-30.mp4,68076,665626,39464,5984,0,Bactrocera correcta,enter,1,137,1288.97,807.44,0.8354,0,0
11-41-30.mp4,68580,666130,39478,5986,0,Bactrocera correcta,enter,1,138,1296.2,787.15,0.8511,0,0
11-41-30.mp4,70889,668439,39464,5984,0,Bactrocera correcta,exit,-1,137,1317.24,620.71,0.8765,0,0
11-41-30.mp4,73687,671237,39793,6012,0,Bactrocera correcta,enter,1,138,1190.82,589.41,0.8511,0,0
11-41-30.mp4,74585,672135,39805,6014,0,Bactrocera correcta,enter,1,139,1251.6,840.47,0.8643,0,0
11-41-30.mp4,74650,672200,39805,6014,0,Bactrocera correcta,exit,-1,138,1238.89,887.48,0.8267,0,0
11-41-30.mp4,74868,672418,39829,6016,0,Bactrocera correcta,enter,1,139,1233.52,847.5,0.8345,0,0
11-41-30.mp4,76986,674536,39951,6033,0,Bactrocera correcta,enter,1,140,1297.8,796.32,0.8198,0,0
11-41-30.mp4,77147,674697,39994,6033,0,Bactrocera correcta,exit,-1,139,1324.81,812.64,0.8472,1,5
11-41-30.mp4,77186,674736,39909,6028,1,Bactrocera dorsalis,enter,1,66,1049.53,728.46,0.8521,0,0
11-41-30.mp4,77537,675087,39994,6033,0,Bactrocera correcta,enter,1,140,1302.89,776.22,0.814,1,5
11-41-30.mp4,77703,675253,40060,6057,0,Bactrocera correcta,enter,1,141,1295.57,664.99,0.856,0,0
11-41-30.mp4,77747,675297,39994,6033,0,Bactrocera correcta,exit,-1,140,1317.69,824.54,0.8672,1,5
11-41-30.mp4,77875,675425,39994,6033,0,Bactrocera correcta,enter,1,141,1311.46,758.83,0.8418,1,5
11-41-30.mp4,77912,675462,39994,6033,0,Bactrocera correcta,exit,-1,140,1346.06,756.39,0.8569,1,5
11-41-30.mp4,78036,675586,40060,6057,0,Bactrocera correcta,exit,-1,139,1009.62,738.17,0.8311,0,0
11-41-30.mp4,78415,675965,40060,6057,0,Bactrocera correcta,enter,1,140,1063.15,782.87,0.7969,0,0
11-41-30.mp4,79234,676784,40280,6078,1,Bactrocera dorsalis,enter,1,67,1151.78,854.44,0.8521,0,0
11-41-30.mp4,81366,678916,40355,6099,0,Bactrocera correcta,enter,1,141,1132.98,599.99,0.8848,0,0
11-41-30.mp4,86549,684099,40769,6162,0,Bactrocera correcta,enter,1,142,1196.71,857.97,0.8569,0,0
11-41-30.mp4,87897,685447,40859,6165,1,Bactrocera dorsalis,enter,1,68,1079.76,640.36,0.8481,0,0
11-41-30.mp4,88075,685625,40901,6171,0,Bactrocera correcta,enter,1,143,1056.94,745.04,0.7891,0,0
11-41-30.mp4,88122,685672,40903,6172,0,Bactrocera correcta,enter,1,144,1049.68,719.45,0.8042,0,0
11-41-30.mp4,88157,685707,40903,6172,0,Bactrocera correcta,exit,-1,143,1026.19,674.42,0.8862,0,0
11-41-30.mp4,89329,686879,40973,6187,1,Bactrocera dorsalis,enter,1,69,1128.64,602.53,0.7788,0,0
11-41-30.mp4,89476,687026,40956,6183,1,Bactrocera dorsalis,enter,1,70,1281.02,630.86,0.8911,0,0
11-41-30.mp4,89554,687104,40956,6183,1,Bactrocera dorsalis,exit,-1,69,1080.06,595.69,0.8599,0,0
11-41-30.mp4,89660,687210,40956,6183,1,Bactrocera dorsalis,enter,1,70,1064.92,680.66,0.8643,0,0
11-41-30.mp4,89766,687316,40956,6183,1,Bactrocera dorsalis,exit,-1,69,1148.25,886.8,0.8623,0,0
11-41-30.mp4,89997,687547,40972,6186,0,Bactrocera correcta,enter,1,144,1100.25,618.3,0.875,0,0
11-41-30.mp4,90258,687808,40972,6186,0,Bactrocera correcta,exit,-1,143,1112.98,574.76,0.8833,0,0
11-41-30.mp4,93224,690774,41163,6213,1,Bactrocera dorsalis,enter,1,70,1224.14,595.37,0.8276,0,0
11-41-30.mp4,93458,691008,41163,6213,1,Bactrocera dorsalis,exit,-1,69,1301.57,608.08,0.9116,0,0
11-41-30.mp4,93546,691096,41163,6213,1,Bactrocera dorsalis,enter,1,70,1296.79,650.19,0.8672,0,0
11-41-30.mp4,94186,691736,41171,6214,1,Bactrocera dorsalis,enter,1,71,1153.6,853.96,0.8682,0,0
11-41-30.mp4,94446,691996,41200,6225,0,Bactrocera correcta,enter,1,144,1051.64,747.45,0.854,0,0
11-41-30.mp4,96911,694461,41248,6234,1,Bactrocera dorsalis,enter,1,72,1078.93,639.88,0.8652,0,0
11-41-30.mp4,97286,694836,41248,6234,1,Bactrocera dorsalis,exit,-1,71,1317.59,624.92,0.8931,0,0
11-41-30.mp4,97945,695495,41379,6265,0,Bactrocera correcta,enter,1,145,1315.69,753.51,0.8652,0,0
11-41-30.mp4,100373,697923,41735,6304,0,Bactrocera correcta,enter,1,146,1314.84,746.94,0.8652,0,0
11-41-30.mp4,100390,697940,41735,6304,0,Bactrocera correcta,exit,-1,145,1348.13,698.73,0.8501,0,0
11-41-30.mp4,100615,698165,41673,6297,0,Bactrocera correcta,enter,1,146,1268.1,622.88,0.8765,0,0
11-41-30.mp4,100708,698258,41735,6304,0,Bactrocera correcta,enter,1,147,1156.58,594.41,0.876,0,0
11-41-30.mp4,103251,700801,41916,6328,0,Bactrocera correcta,enter,1,148,1102.1,619.36,0.8335,0,0
11-41-30.mp4,104817,702367,42065,6359,0,Bactrocera correcta,enter,1,149,1085.14,632.68,0.8833,0,0
11-41-30.mp4,104839,702389,41975,6346,1,Bactrocera dorsalis,enter,1,72,1105.76,829.22,0.875,0,0
11-41-30.mp4,105199,702749,42065,6359,0,Bactrocera correcta,exit,-1,148,1033.85,652.7,0.8652,0,0
11-41-30.mp4,105470,703020,42094,6368,0,Bactrocera correcta,enter,1,149,1166.32,853.77,0.8115,0,0
11-41-30.mp4,105524,703074,42094,6368,0,Bactrocera correcta,exit,-1,148,1083.21,590.49,0.8857,0,0
11-41-30.mp4,105744,703294,42094,6368,0,Bactrocera correcta,enter,1,149,1121.71,608.9,0.8696,0,0
11-41-30.mp4,105781,703331,42094,6368,0,Bactrocera correcta,exit,-1,148,1349.5,760.36,0.854,0,0
11-41-30.mp4,105845,703395,42101,6370,1,Bactrocera dorsalis,enter,1,73,1277.72,631.13,0.8706,0,0
11-41-30.mp4,108691,706241,42230,6385,1,Bactrocera dorsalis,enter,1,74,1136.97,601.52,0.8848,0,0
11-41-30.mp4,109674,707224,42298,6393,0,Bactrocera correcta,enter,1,149,1076.21,656.2,0.8257,0,0
11-41-30.mp4,110954,708504,42433,6407,0,Bactrocera correcta,enter,1,150,1221.54,852.68,0.8521,1,22
11-41-30.mp4,112693,710243,42486,6415,0,Bactrocera correcta,enter,1,151,1309.34,681.04,0.8599,0,0
11-41-30.mp4,114540,712090,42662,6439,1,Bactrocera dorsalis,enter,1,75,1285.05,636.4,0.8955,0,0
11-41-30.mp4,114982,712532,42724,6444,0,Bactrocera correcta,enter,1,152,1058.36,771.49,0.8521,0,0
11-41-30.mp4,115055,712605,42657,6438,0,Bactrocera correcta,enter,1,153,1301.68,658.68,0.8652,0,0
11-41-30.mp4,122019,719569,43117,6499,0,Bactrocera correcta,enter,1,154,1276.08,822.03,0.8765,0,0
11-41-30.mp4,122257,719807,43080,6494,0,Bactrocera correcta,enter,1,155,1314.99,699.6,0.8613,0,0
11-41-30.mp4,122660,720210,43176,6514,1,Bactrocera dorsalis,enter,1,76,1237.57,600.34,0.8696,0,0
11-41-30.mp4,123230,720780,43176,6514,1,Bactrocera dorsalis,exit,-1,75,1345.56,658.89,0.8438,0,0
11-41-30.mp4,123871,721421,43130,6501,0,Bactrocera correcta,enter,1,156,1283.58,813.87,0.8623,0,0
11-41-30.mp4,124168,721718,43130,6501,0,Bactrocera correcta,exit,-1,155,1204.79,554.56,0.8784,0,0
11-41-30.mp4,125706,723256,43349,6546,0,Bactrocera correcta,enter,1,156,1062.27,667.76,0.8418,0,0
11-41-30.mp4,126189,723739,43403,6546,0,Bactrocera correcta,exit,-1,155,1080.66,859.48,0.853,1,2
11-41-30.mp4,126203,723753,43401,6551,1,Bactrocera dorsalis,enter,1,76,1180.27,590.99,0.9048,0,0
11-41-30.mp4,126231,723781,43346,6545,0,Bactrocera correcta,enter,1,156,1221.11,853.74,0.8633,0,0
11-41-30.mp4,127048,724598,43403,6546,0,Bactrocera correcta,enter,1,157,1052.39,749.66,0.8345,1,2
11-41-30.mp4,127951,725501,43449,6565,1,Bactrocera dorsalis,enter,1,77,1049.82,710.84,0.8726,0,0
11-41-30.mp4,127977,725527,43528,6579,1,Bactrocera dorsalis,enter,1,78,1175.67,858.65,0.8418,0,0
11-41-30.mp4,128255,725805,43528,6579,1,Bactrocera dorsalis,exit,-1,77,1349.79,696.62,0.8457,0,0
11-41-30.mp4,134820,732370,43841,6613,1,Bactrocera dorsalis,enter,1,78,1294.88,651.62,0.8857,0,0
11-41-30.mp4,134878,732428,43841,6613,1,Bactrocera dorsalis,exit,-1,77,1251.56,571.68,0.9092,0,0
11-41-30.mp4,134892,732442,43841,6613,1,Bactrocera dorsalis,enter,1,78,1209.77,592.46,0.8843,0,0
11-41-30.mp4,135037,732587,43841,6613,1,Bactrocera dorsalis,exit,-1,77,1029.87,663.27,0.8345,0,0
11-41-30.mp4,135203,732753,43841,6613,1,Bactrocera dorsalis,enter,1,78,1121.23,842.71,0.8999,0,0
11-41-30.mp4,135309,732859,43841,6613,1,Bactrocera dorsalis,exit,-1,77,1271.4,865.43,0.8833,0,0
11-41-30.mp4,135353,732903,43841,6613,1,Bactrocera dorsalis,enter,1,78,1305.05,762.73,0.8662,0,0
11-41-30.mp4,135427,732977,43841,6613,1,Bactrocera dorsalis,exit,-1,77,1349.38,707.42,0.8696,0,0
11-41-30.mp4,135531,733081,43841,6613,1,Bactrocera dorsalis,enter,1,78,1279.08,629.18,0.8774,0,0
11-41-30.mp4,135689,733239,43841,6613,1,Bactrocera dorsalis,exit,-1,77,1052.19,617.22,0.8984,0,0
11-41-30.mp4,136627,734177,43913,6624,0,Bactrocera correcta,enter,1,158,1265.29,830.11,0.8633,0,0
11-41-30.mp4,136643,734193,43859,6615,1,Bactrocera dorsalis,enter,1,78,1120.61,606.67,0.9014,0,0
11-41-30.mp4,136745,734295,43913,6624,0,Bactrocera correcta,exit,-1,157,1349.38,689.87,0.8408,0,0
11-41-30.mp4,136779,734329,43913,6624,0,Bactrocera correcta,enter,1,158,1260.16,613.11,0.8696,0,0
11-41-30.mp4,136809,734359,43913,6624,0,Bactrocera correcta,exit,-1,157,1081.02,592.72,0.8481,0,0
11-41-30.mp4,139919,737469,44231,6660,0,Bactrocera correcta,enter,1,158,1315.31,729.38,0.8784,0,0
11-41-30.mp4,141869,739419,44293,6669,0,Bactrocera correcta,enter,1,159,1228.7,851.11,0.8374,0,0
11-41-30.mp4,142268,739818,44320,6670,0,Bactrocera correcta,enter,1,160,1137.15,598.48,0.8818,1,28
11-41-30.mp4,142383,739933,44320,6670,0,Bactrocera correcta,exit,-1,159,1104.89,579.16,0.8789,1,28
11-41-30.mp4,142403,739953,44322,6660,0,Bactrocera correcta,exit,-1,158,1336.79,649.93,0.8809,1,12
11-41-30.mp4,142468,740018,44320,6670,0,Bactrocera correcta,enter,1,159,1111.56,615.67,0.8633,1,28
11-41-30.mp4,142604,740154,44320,6670,0,Bactrocera correcta,exit,-1,158,1023.8,662.36,0.8716,1,28
11-41-30.mp4,143061,740611,44320,6670,0,Bactrocera correcta,enter,1,159,1051.77,721.95,0.8438,1,28
11-41-30.mp4,145770,743320,44519,6710,1,Bactrocera dorsalis,enter,1,79,1116.11,608.75,0.8901,1,14
11-41-30.mp4,146685,744235,44519,6710,1,Bactrocera dorsalis,exit,-1,78,1028.58,651.42,0.8599,1,14
11-41-30.mp4,147639,745189,44660,6725,0,Bactrocera correcta,enter,1,160,1051.46,713.06,0.8364,0,0
11-41-30.mp4,147725,745275,44676,6730,0,Bactrocera correcta,enter,1,161,1077.49,804.24,0.8188,0,0
11-41-30.mp4,148488,746038,44790,6740,1,Bactrocera dorsalis,enter,1,79,1050.93,727.92,0.874,0,0
11-41-30.mp4,149833,747383,44641,6723,1,Bactrocera dorsalis,enter,1,80,1151.93,594.61,0.8862,0,0
11-41-30.mp4,150061,747611,44881,6766,0,Bactrocera correcta,enter,1,162,1152.42,854.35,0.8311,0,0
11-41-30.mp4,150066,747616,44877,6763,0,Bactrocera correcta,enter,1,163,1152.12,853.25,0.4551,0,0
11-41-30.mp4,151012,748562,44938,6775,0,Bactrocera correcta,enter,1,164,1146.5,852.06,0.8115,1,10
11-41-30.mp4,152511,750061,45018,6787,1,Bactrocera dorsalis,enter,1,81,1300.2,660.9,0.8174,0,0
11-41-30.mp4,152544,750094,45018,6787,1,Bactrocera dorsalis,exit,-1,80,1301.89,598.96,0.8916,0,0
11-41-30.mp4,152727,750277,45146,6808,0,Bactrocera correcta,enter,1,165,1303.61,676.67,0.813,1,11
11-41-30.mp4,157271,754821,45397,6844,0,Bactrocera correcta,enter,1,166,1306.8,777.98,0.8447,1,2
11-41-30.mp4,162072,759622,45573,6868,0,Bactrocera correcta,enter,1,167,1131.45,846.47,0.8818,0,0
11-41-30.mp4,162102,759652,45573,6868,0,Bactrocera correcta,exit,-1,166,1022.57,674.83,0.8706,0,0
11-41-30.mp4,163603,761153,45712,6886,1,Bactrocera dorsalis,enter,1,81,1251.93,839.54,0.8882,0,0
11-41-30.mp4,163617,761167,45712,6886,1,Bactrocera dorsalis,exit,-1,80,1174.24,889.36,0.8652,0,0
11-41-30.mp4,163630,761180,45712,6886,1,Bactrocera dorsalis,enter,1,81,1116.01,833.88,0.8623,0,0
11-41-30.mp4,163942,761492,45730,6889,0,Bactrocera correcta,enter,1,167,1065.61,788.39,0.7734,0,0
11-41-30.mp4,163949,761499,45730,6889,0,Bactrocera correcta,exit,-1,166,1036.88,807.27,0.8765,0,0
11-41-30.mp4,165310,762860,45709,6885,0,Bactrocera correcta,enter,1,167,1053.44,755.68,0.8696,0,0
11-41-30.mp4,165586,763136,45709,6885,0,Bactrocera correcta,exit,-1,166,1245.89,880.41,0.873,0,0
11-41-30.mp4,167636,765186,45709,6885,0,Bactrocera correcta,enter,1,167,1240.3,601.38,0.8511,0,0
11-41-30.mp4,170274,767824,46201,6936,0,Bactrocera correcta,enter,1,168,1317.68,729.52,0.8774,1,24
11-41-30.mp4,170300,767850,46195,6935,0,Bactrocera correcta,enter,1,169,1314.41,710.78,0.8438,0,0
11-41-30.mp4,170975,768525,46201,6936,0,Bactrocera correcta,exit,-1,168,1022.44,761.57,0.8511,1,24
11-41-30.mp4,172405,769955,46377,6957,0,Bactrocera correcta,enter,1,169,1054.93,717.82,0.8301,0,0
11-41-30.mp4,172778,770328,46383,6960,0,Bactrocera correcta,enter,1,170,1051.29,746.97,0.8472,0,0
11-41-30.mp4,177130,774680,46515,6977,0,Bactrocera correcta,enter,1,171,1225.51,597.66,0.8354,0,0
11-41-30.mp4,177964,775514,46527,6982,0,Bactrocera correcta,enter,1,172,1196.88,858.31,0.853,0,0
11-41-30.mp4,178057,775607,46539,6985,1,Bactrocera dorsalis,enter,1,82,1215.25,593.13,0.8398,0,0
11-41-30.mp4,180338,777888,46689,7012,0,Bactrocera correcta,enter,1,173,1250.44,607.01,0.875,0,0
11-41-30.mp4,180343,777893,46689,7012,0,Bactrocera correcta,exit,-1,172,1296.64,603.05,0.8931,0,0
11-41-30.mp4,180720,778270,46709,7019,1,Bactrocera dorsalis,enter,1,83,1097.89,627.33,0.8823,0,0
11-41-30.mp4,180834,778384,46709,7019,1,Bactrocera dorsalis,exit,-1,82,1307.85,604.51,0.8843,0,0
11-41-30.mp4,180918,778468,46709,7019,1,Bactrocera dorsalis,enter,1,83,1213.29,849.09,0.8311,0,0
11-41-30.mp4,180981,778531,46709,7019,1,Bactrocera dorsalis,exit,-1,82,1046.37,820.46,0.8643,0,0
11-41-30.mp4,181505,779055,46774,7025,0,Bactrocera correcta,enter,1,173,1080.73,637.81,0.876,0,0
11-41-30.mp4,182062,779612,46707,7009,0,Bactrocera correcta,enter,1,174,1261.88,613.86,0.8765,1,24
11-41-30.mp4,185489,783039,47015,7058,0,Bactrocera correcta,enter,1,175,1198.88,592.13,0.8809,0,0
11-41-30.mp4,186432,783982,47045,7065,0,Bactrocera correcta,enter,1,176,1051.4,742.8,0.8232,0,0
11-41-30.mp4,186530,784080,47061,7068,0,Bactrocera correcta,enter,1,177,1233.76,599.98,0.8389,0,0
11-41-30.mp4,195394,792944,47358,7114,0,Bactrocera correcta,enter,1,178,1313.08,760.12,0.8438,1,2
11-41-30.mp4,199459,797009,47539,7147,1,Bactrocera dorsalis,enter,1,83,1245.75,842.22,0.8608,0,0
12-41-30.mp4,1323,800520,47994,7194,0,Bactrocera correcta,enter,1,179,1219.29,596.69,0.8364,0,0
12-41-30.mp4,2043,801240,48043,7205,0,Bactrocera correcta,enter,1,180,1153.48,595.98,0.8662,0,0
12-41-30.mp4,2069,801266,48043,7205,0,Bactrocera correcta,exit,-1,179,1315.93,610.88,0.8823,0,0
12-41-30.mp4,2235,801432,48043,7205,0,Bactrocera correcta,enter,1,180,1311.68,763.4,0.8643,0,0
12-41-30.mp4,2470,801667,48043,7205,0,Bactrocera correcta,exit,-1,179,1319.28,821.44,0.8223,0,0
12-41-30.mp4,2842,802039,48043,7205,0,Bactrocera correcta,enter,1,180,1311.0,763.24,0.8662,0,0
12-41-30.mp4,2918,802115,48043,7205,0,Bactrocera correcta,exit,-1,179,1331.82,800.1,0.8818,0,0
12-41-30.mp4,14058,813255,48613,7281,0,Bactrocera correcta,enter,1,180,1117.83,841.65,0.895,0,0
12-41-30.mp4,14376,813573,48619,7284,0,Bactrocera correcta,enter,1,181,1096.27,826.23,0.8472,0,0
12-41-30.mp4,15629,814826,48674,7298,0,Bactrocera correcta,enter,1,182,1127.58,846.63,0.855,0,0
12-41-30.mp4,15636,814833,48716,7302,0,Bactrocera correcta,enter,1,183,1276.3,796.99,0.3647,0,0
12-41-30.mp4,15816,815013,48734,7309,0,Bactrocera correcta,enter,1,184,1251.63,840.63,0.6582,0,0
12-41-30.mp4,16353,815550,48776,7314,1,Bactrocera dorsalis,enter,1,84,1248.81,613.3,0.8887,0,0
12-41-30.mp4,23289,822486,49017,7343,1,Bactrocera dorsalis,enter,1,85,1168.8,598.9,0.853,0,0
12-41-30.mp4,27890,827087,49109,7353,1,Bactrocera dorsalis,enter,1,86,1094.69,823.72,0.8823,0,0
12-41-30.mp4,31544,830741,49087,7350,0,Bactrocera correcta,enter,1,185,1173.16,592.09,0.8916,0,0
12-41-30.mp4,32552,831749,49087,7350,0,Bactrocera correcta,exit,-1,184,1040.23,621.67,0.832,0,0
12-41-30.mp4,32616,831813,49087,7350,0,Bactrocera correcta,enter,1,185,1057.29,718.34,0.793,0,0
12-41-30.mp4,35776,834973,49439,7383,0,Bactrocera correcta,enter,1,186,1058.95,678.38,0.8843,0,0
12-41-30.mp4,36833,836030,49440,7384,0,Bactrocera correcta,enter,1,187,1091.33,633.06,0.8579,0,0
12-41-30.mp4,42194,841391,49600,7404,0,Bactrocera correcta,enter,1,188,1099.73,828.9,0.8716,1,7
12-41-30.mp4,45003,844200,49835,7431,1,Bactrocera dorsalis,enter,1,87,1079.8,807.2,0.8848,0,0
12-41-30.mp4,45046,844243,49835,7431,1,Bactrocera dorsalis,exit,-1,86,1152.96,890.08,0.8774,0,0
12-41-30.mp4,45085,844282,49839,7432,0,Bactrocera correcta,enter,1,189,1052.54,734.33,0.8696,0,0
12-41-30.mp4,45171,844368,49849,7434,0,Bactrocera correcta,enter,1,190,1081.9,637.77,0.832,0,0
12-41-30.mp4,47314,846511,49871,7439,0,Bactrocera correcta,enter,1,191,1130.49,847.26,0.8042,0,0
12-41-30.mp4,48682,847879,49900,7444,0,Bactrocera correcta,enter,1,192,1307.78,670.88,0.8501,0,0
12-41-30.mp4,52795,851992,49984,7460,0,Bactrocera correcta,enter,1,193,1069.23,791.87,0.7852,0,0
12-41-30.mp4,52982,852179,50027,7469,0,Bactrocera correcta,enter,1,194,1069.2,763.72,0.626,0,0
12-41-30.mp4,55638,854835,50169,7493,0,Bactrocera correcta,enter,1,195,1251.57,611.35,0.8579,1,3
12-41-30.mp4,55811,855008,50150,7489,0,Bactrocera correcta,enter,1,196,1285.08,639.05,0.8115,1,1
12-41-30.mp4,57861,857058,50298,7528,0,Bactrocera correcta,enter,1,197,1055.5,700.63,0.7417,0,0
12-41-30.mp4,58880,858077,50372,7536,1,Bactrocera dorsalis,enter,1,87,1293.08,655.03,0.873,1,2
12-41-30.mp4,58925,858122,50372,7536,1,Bactrocera dorsalis,exit,-1,86,1332.79,651.79,0.8472,1,2
12-41-30.mp4,63894,863091,50562,7591,1,Bactrocera dorsalis,enter,1,87,1272.38,625.55,0.8862,0,0
12-41-30.mp4,69483,868680,50759,7623,1,Bactrocera dorsalis,enter,1,88,1161.22,856.36,0.8457,0,0
12-41-30.mp4,69898,869095,50792,7629,0,Bactrocera correcta,enter,1,198,1268.54,621.03,0.8843,0,0
12-41-30.mp4,77887,877084,50900,7657,0,Bactrocera correcta,enter,1,199,1135.31,599.5,0.8789,0,0
12-41-30.mp4,78070,877267,50900,7657,0,Bactrocera correcta,exit,-1,198,1024.67,672.63,0.9048,0,0
12-41-30.mp4,81300,880497,50960,7669,1,Bactrocera dorsalis,enter,1,89,1206.28,601.11,0.8164,1,1
12-41-30.mp4,81312,880509,50963,7669,1,Bactrocera dorsalis,exit,-1,88,1403.45,825.81,0.6299,1,12
12-41-30.mp4,81490,880687,51018,7671,0,Bactrocera correcta,enter,1,199,1312.73,733.22,0.875,0,0
12-41-30.mp4,81514,880711,50987,7666,0,Bactrocera correcta,enter,1,200,1143.76,605.26,0.8599,1,18
12-41-30.mp4,81938,881135,51037,7673,1,Bactrocera dorsalis,enter,1,89,1205.64,592.19,0.6655,0,0
12-41-30.mp4,81986,881183,50987,7666,0,Bactrocera correcta,exit,-1,199,1351.17,731.65,0.8447,1,18
12-41-30.mp4,82108,881305,50987,7666,0,Bactrocera correcta,enter,1,200,1306.7,678.21,0.8457,1,18
12-41-30.mp4,82743,881940,51058,7683,1,Bactrocera dorsalis,enter,1,90,1153.54,594.09,0.8633,0,0
12-41-30.mp4,83115,882312,51053,7679,0,Bactrocera correcta,enter,1,201,1163.9,854.63,0.8599,0,0
12-41-30.mp4,84167,883364,51071,7686,0,Bactrocera correcta,enter,1,202,1268.69,623.48,0.9004,0,0
12-41-30.mp4,85916,885113,51098,7695,0,Bactrocera correcta,enter,1,203,1249.34,607.29,0.8706,0,0
12-41-30.mp4,87215,886412,51104,7696,0,Bactrocera correcta,enter,1,204,1300.61,787.23,0.8672,0,0
12-41-30.mp4,87319,886516,51104,7696,0,Bactrocera correcta,exit,-1,203,1229.7,564.78,0.897,0,0
12-41-30.mp4,90163,889360,51247,7721,0,Bactrocera correcta,enter,1,204,1309.28,674.02,0.876,0,0
12-41-30.mp4,91802,890999,51351,7734,0,Bactrocera correcta,enter,1,205,1210.96,854.55,0.8818,1,7
12-41-30.mp4,92097,891294,51367,7738,1,Bactrocera dorsalis,enter,1,91,1318.19,734.09,0.8696,0,0
12-41-30.mp4,92184,891381,51367,7738,1,Bactrocera dorsalis,exit,-1,90,1336.4,655.23,0.8682,0,0
12-41-30.mp4,93196,892393,51444,7744,0,Bactrocera correcta,enter,1,206,1173.49,858.15,0.875,0,0
12-41-30.mp4,95977,895174,51609,7757,1,Bactrocera dorsalis,enter,1,91,1116.73,612.13,0.9028,0,0
12-41-30.mp4,96173,895370,51609,7757,1,Bactrocera dorsalis,exit,-1,90,1022.6,764.91,0.8457,0,0
12-41-30.mp4,96270,895467,51609,7757,1,Bactrocera dorsalis,enter,1,91,1089.21,817.83,0.9058,0,0
12-41-30.mp4,96360,895557,51609,7757,1,Bactrocera dorsalis,exit,-1,90,1146.53,885.19,0.873,0,0
12-41-30.mp4,96449,895646,51609,7757,1,Bactrocera dorsalis,enter,1,91,1236.86,846.75,0.8696,0,0
12-41-30.mp4,96484,895681,51609,7757,1,Bactrocera dorsalis,exit,-1,90,1254.7,874.58,0.8774,0,0
12-41-30.mp4,100838,900035,51720,7771,1,Bactrocera dorsalis,enter,1,91,1050.91,709.83,0.8687,0,0
12-41-30.mp4,108892,908089,51955,7787,0,Bactrocera correcta,enter,1,207,1267.9,624.41,0.855,0,0
12-41-30.mp4,111265,910462,52038,7797,0,Bactrocera correcta,enter,1,208,1101.48,619.57,0.8491,0,0
12-41-30.mp4,111315,910512,52038,7797,0,Bactrocera correcta,exit,-1,207,1016.99,731.72,0.8687,0,0
12-41-30.mp4,122825,922022,52300,7828,0,Bactrocera correcta,enter,1,208,1178.3,858.39,0.8696,0,0
12-41-30.mp4,124346,923543,52360,7837,0,Bactrocera correcta,enter,1,209,1112.62,616.45,0.8457,0,0
12-41-30.mp4,126686,925883,52475,7852,0,Bactrocera correcta,enter,1,210,1152.4,593.03,0.897,0,0
12-41-30.mp4,126941,926138,52475,7852,0,Bactrocera correcta,exit,-1,209,1204.48,557.06,0.8672,0,0
12-41-30.mp4,127189,926386,52463,7849,0,Bactrocera correcta,enter,1,210,1061.3,667.97,0.8335,0,0
12-41-30.mp4,128141,927338,52586,7868,0,Bactrocera correcta,enter,1,211,1162.02,855.35,0.8716,0,0
12-41-30.mp4,128897,928094,52599,7869,0,Bactrocera correcta,enter,1,212,1277.16,821.48,0.8818,0,0
12-41-30.mp4,129233,928430,52599,7869,0,Bactrocera correcta,exit,-1,211,1254.33,873.54,0.8623,0,0
12-41-30.mp4,129535,928732,52599,7869,0,Bactrocera correcta,enter,1,212,1248.72,842.4,0.8774,0,0
12-41-30.mp4,129602,928799,52599,7869,0,Bactrocera correcta,exit,-1,211,1267.49,870.13,0.8623,0,0
12-41-30.mp4,130230,929427,52599,7869,0,Bactrocera correcta,enter,1,212,1215.92,852.93,0.855,0,0
12-41-30.mp4,130312,929509,52599,7869,0,Bactrocera correcta,exit,-1,211,1187.77,889.98,0.8242,0,0
12-41-30.mp4,130555,929752,52654,7884,0,Bactrocera correcta,enter,1,212,1091.36,819.83,0.8784,0,0
12-41-30.mp4,133450,932647,52779,7907,0,Bactrocera correcta,enter,1,213,1103.44,830.11,0.856,0,0
13-36-17.mp4,1669,935599,52949,7942,0,Bactrocera correcta,enter,1,214,1051.5,741.51,0.8501,0,0
13-36-17.mp4,1747,935677,52949,7942,0,Bactrocera correcta,exit,-1,213,1204.47,890.15,0.8579,0,0
13-36-17.mp4,1798,935728,52949,7942,0,Bactrocera correcta,enter,1,214,1253.6,838.97,0.4648,0,0
13-36-17.mp4,1893,935823,52973,7944,0,Bactrocera correcta,enter,1,215,1312.83,686.43,0.895,0,0
13-36-17.mp4,2214,936144,52973,7944,0,Bactrocera correcta,exit,-1,214,1193.11,893.99,0.8521,0,0
13-36-17.mp4,4459,938389,53284,7964,0,Bactrocera correcta,enter,1,215,1317.03,732.56,0.8784,0,0
